../instances/S1/p10100/p10100-11.txt;solveCPCP_D;19.0;19.0;19.0;Optimal;52.0;10.955888986587524
../instances/S1/p10100/p10100-11.txt;SequentialSearch;19.0;19.0;19.0;Optimal;54.0;8.289212942123413
../instances/S1/p10100/p10100-11.txt;BinarySearch;19.0;19.0;19.0;Optimal;53.0;7.387431859970093
../instances/S1/p10100/p10100-11.txt;LayeredSearch-2;19.0;19.0;19.0;Optimal;55.0;6.323332071304321
../instances/S1/p10100/p10100-11.txt;LayeredSearch-3;19.0;19.0;19.0;Optimal;52.0;6.885622978210449
../instances/S1/p10100/p10100-11.txt;LayeredSearch-4;19.0;19.0;19.0;Optimal;49.0;5.759408950805664
../instances/S1/p10100/p10100-12.txt;solveCPCP_D;20.0;20.0;20.0;Optimal;57.0;16.68500804901123
../instances/S1/p10100/p10100-12.txt;SequentialSearch;20.0;20.0;20.0;Optimal;56.0;9.363765954971313
../instances/S1/p10100/p10100-12.txt;BinarySearch;20.0;20.0;20.0;Optimal;57.0;8.100174903869629
../instances/S1/p10100/p10100-12.txt;LayeredSearch-2;20.0;20.0;20.0;Optimal;53.0;7.425591945648193
../instances/S1/p10100/p10100-12.txt;LayeredSearch-3;20.0;20.0;20.0;Optimal;57.0;7.328590154647827
../instances/S1/p10100/p10100-12.txt;LayeredSearch-4;20.0;20.0;20.0;Optimal;56.0;8.191133975982666
../instances/S1/p10100/p10100-13.txt;solveCPCP_D;20.0;20.0;20.0;Optimal;56.0;9.021656036376953
../instances/S1/p10100/p10100-13.txt;SequentialSearch;20.0;20.0;20.0;Optimal;55.0;7.534248113632202
../instances/S1/p10100/p10100-13.txt;BinarySearch;20.0;20.0;20.0;Optimal;58.0;6.78499698638916
../instances/S1/p10100/p10100-13.txt;LayeredSearch-2;20.0;20.0;20.0;Optimal;56.0;6.383603096008301
../instances/S1/p10100/p10100-13.txt;LayeredSearch-3;20.0;20.0;20.0;Optimal;56.0;6.792290925979614
../instances/S1/p10100/p10100-13.txt;LayeredSearch-4;20.0;20.0;20.0;Optimal;54.0;5.609007835388184
../instances/S1/p10100/p10100-14.txt;solveCPCP_D;20.0;20.0;20.0;Optimal;59.0;28.48922300338745
../instances/S1/p10100/p10100-14.txt;SequentialSearch;20.0;20.0;20.0;Optimal;59.0;8.494462013244629
../instances/S1/p10100/p10100-14.txt;BinarySearch;20.0;20.0;20.0;Optimal;59.0;7.627887010574341
../instances/S1/p10100/p10100-14.txt;LayeredSearch-2;20.0;20.0;20.0;Optimal;57.0;6.368199110031128
../instances/S1/p10100/p10100-14.txt;LayeredSearch-3;20.0;20.0;20.0;Optimal;59.0;7.770298004150391
../instances/S1/p10100/p10100-14.txt;LayeredSearch-4;20.0;20.0;20.0;Optimal;56.0;7.89891791343689
../instances/S1/p10100/p10100-15.txt;solveCPCP_D;21.0;21.0;21.0;Optimal;55.0;46.68533992767334
../instances/S1/p10100/p10100-15.txt;SequentialSearch;21.0;21.0;21.0;Optimal;55.0;13.216140985488892
../instances/S1/p10100/p10100-15.txt;BinarySearch;21.0;21.0;21.0;Optimal;55.0;8.235852003097534
../instances/S1/p10100/p10100-15.txt;LayeredSearch-2;21.0;21.0;21.0;Optimal;53.0;12.88797903060913
../instances/S1/p10100/p10100-15.txt;LayeredSearch-3;21.0;21.0;21.0;Optimal;55.0;10.805306911468506
../instances/S1/p10100/p10100-15.txt;LayeredSearch-4;21.0;21.0;21.0;Optimal;54.0;8.061553001403809
../instances/S1/p10100/p10100-16.txt;solveCPCP_D;20.0;20.0;20.0;Optimal;51.0;8.386782884597778
../instances/S1/p10100/p10100-16.txt;SequentialSearch;20.0;20.0;20.0;Optimal;51.0;8.425498962402344
../instances/S1/p10100/p10100-16.txt;BinarySearch;20.0;20.0;20.0;Optimal;50.0;6.462845087051392
../instances/S1/p10100/p10100-16.txt;LayeredSearch-2;20.0;20.0;20.0;Optimal;51.0;8.05512809753418
../instances/S1/p10100/p10100-16.txt;LayeredSearch-3;20.0;20.0;20.0;Optimal;51.0;6.420506954193115
../instances/S1/p10100/p10100-16.txt;LayeredSearch-4;20.0;20.0;20.0;Optimal;51.0;5.757530927658081
../instances/S1/p10100/p10100-17.txt;solveCPCP_D;22.0;22.0;22.0;Optimal;61.0;16.760476112365723
../instances/S1/p10100/p10100-17.txt;SequentialSearch;22.0;22.0;22.0;Optimal;61.0;11.212674140930176
../instances/S1/p10100/p10100-17.txt;BinarySearch;22.0;22.0;22.0;Optimal;58.0;8.449891090393066
../instances/S1/p10100/p10100-17.txt;LayeredSearch-2;22.0;22.0;22.0;Optimal;61.0;9.734692096710205
../instances/S1/p10100/p10100-17.txt;LayeredSearch-3;22.0;22.0;22.0;Optimal;61.0;8.772762060165405
../instances/S1/p10100/p10100-17.txt;LayeredSearch-4;22.0;22.0;22.0;Optimal;61.0;7.85592794418335
../instances/S1/p10100/p10100-18.txt;solveCPCP_D;21.0;21.0;21.0;Optimal;57.0;70.01641917228699
../instances/S1/p10100/p10100-18.txt;SequentialSearch;21.0;21.0;21.0;Optimal;55.0;13.684820175170898
../instances/S1/p10100/p10100-18.txt;BinarySearch;21.0;21.0;21.0;Optimal;55.0;110.23016500473022
../instances/S1/p10100/p10100-18.txt;LayeredSearch-2;21.0;21.0;21.0;Optimal;51.0;13.985560178756714
../instances/S1/p10100/p10100-18.txt;LayeredSearch-3;21.0;21.0;21.0;Optimal;55.0;112.6608259677887
../instances/S1/p10100/p10100-18.txt;LayeredSearch-4;21.0;21.0;21.0;Optimal;55.0;113.0514280796051
../instances/S1/p10100/p10100-19.txt;solveCPCP_D;21.0;21.0;21.0;Optimal;58.0;9.233956098556519
../instances/S1/p10100/p10100-19.txt;SequentialSearch;21.0;21.0;21.0;Optimal;53.0;10.29875898361206
../instances/S1/p10100/p10100-19.txt;BinarySearch;21.0;21.0;21.0;Optimal;51.0;8.993571996688843
../instances/S1/p10100/p10100-19.txt;LayeredSearch-2;21.0;21.0;21.0;Optimal;55.0;10.54041600227356
../instances/S1/p10100/p10100-19.txt;LayeredSearch-3;21.0;21.0;21.0;Optimal;51.0;9.869581937789917
../instances/S1/p10100/p10100-19.txt;LayeredSearch-4;21.0;21.0;21.0;Optimal;59.0;8.687702894210815
../instances/S1/p10100/p10100-20.txt;solveCPCP_D;21.0;21.0;21.0;Optimal;60.0;190.883465051651
../instances/S1/p10100/p10100-20.txt;SequentialSearch;21.0;21.0;21.0;Optimal;54.0;20.113658905029297
../instances/S1/p10100/p10100-20.txt;BinarySearch;21.0;21.0;21.0;Optimal;58.0;17.293628931045532
../instances/S1/p10100/p10100-20.txt;LayeredSearch-2;21.0;21.0;21.0;Optimal;60.0;19.51612114906311
../instances/S1/p10100/p10100-20.txt;LayeredSearch-3;21.0;21.0;21.0;Optimal;56.0;18.541451930999756
../instances/S1/p10100/p10100-20.txt;LayeredSearch-4;21.0;21.0;21.0;Optimal;58.0;14.104762077331543
../instances/S1/p1250/p1250-1.txt;solveCPCP_D;19.0;19.0;19.0;Optimal;45.0;5.9912109375
../instances/S1/p1250/p1250-1.txt;SequentialSearch;19.0;19.0;19.0;Optimal;43.0;3.2422828674316406
../instances/S1/p1250/p1250-1.txt;BinarySearch;19.0;19.0;19.0;Optimal;47.0;3.6336541175842285
../instances/S1/p1250/p1250-1.txt;LayeredSearch-2;19.0;19.0;19.0;Optimal;41.0;2.411807060241699
../instances/S1/p1250/p1250-1.txt;LayeredSearch-3;19.0;19.0;19.0;Optimal;44.0;6.157160043716431
../instances/S1/p1250/p1250-1.txt;LayeredSearch-4;19.0;19.0;19.0;Optimal;52.0;2.3179690837860107
../instances/S1/p1250/p1250-10.txt;solveCPCP_D;23.0;23.0;23.0;Optimal;48.0;1.960108995437622
../instances/S1/p1250/p1250-10.txt;SequentialSearch;23.0;23.0;23.0;Optimal;47.0;7.4844889640808105
../instances/S1/p1250/p1250-10.txt;BinarySearch;23.0;23.0;23.0;Optimal;52.0;2.3758299350738525
../instances/S1/p1250/p1250-10.txt;LayeredSearch-2;23.0;23.0;23.0;Optimal;44.0;3.3473739624023438
../instances/S1/p1250/p1250-10.txt;LayeredSearch-3;23.0;23.0;23.0;Optimal;50.0;3.050773859024048
../instances/S1/p1250/p1250-10.txt;LayeredSearch-4;23.0;23.0;23.0;Optimal;42.0;5.0170910358428955
../instances/S1/p1250/p1250-2.txt;solveCPCP_D;20.0;20.0;20.0;Optimal;47.0;4.214807033538818
../instances/S1/p1250/p1250-2.txt;SequentialSearch;20.0;20.0;20.0;Optimal;52.0;3.153780937194824
../instances/S1/p1250/p1250-2.txt;BinarySearch;20.0;20.0;20.0;Optimal;49.0;2.628203868865967
../instances/S1/p1250/p1250-2.txt;LayeredSearch-2;20.0;20.0;20.0;Optimal;43.0;2.4387710094451904
../instances/S1/p1250/p1250-2.txt;LayeredSearch-3;20.0;20.0;20.0;Optimal;54.0;5.897438049316406
../instances/S1/p1250/p1250-2.txt;LayeredSearch-4;20.0;20.0;20.0;Optimal;54.0;2.2705869674682617
../instances/S1/p1250/p1250-3.txt;solveCPCP_D;20.0;20.0;20.0;Optimal;40.0;1.340127944946289
../instances/S1/p1250/p1250-3.txt;SequentialSearch;20.0;20.0;20.0;Optimal;53.0;2.7015838623046875
../instances/S1/p1250/p1250-3.txt;BinarySearch;20.0;20.0;20.0;Optimal;55.0;1.5757899284362793
../instances/S1/p1250/p1250-3.txt;LayeredSearch-2;20.0;20.0;20.0;Optimal;49.0;1.810175895690918
../instances/S1/p1250/p1250-3.txt;LayeredSearch-3;20.0;20.0;20.0;Optimal;51.0;1.650542974472046
../instances/S1/p1250/p1250-3.txt;LayeredSearch-4;20.0;20.0;20.0;Optimal;55.0;1.5405941009521484
../instances/S1/p1250/p1250-4.txt;solveCPCP_D;24.0;24.0;24.0;Optimal;51.0;1.1104209423065186
../instances/S1/p1250/p1250-4.txt;SequentialSearch;24.0;24.0;24.0;Optimal;49.0;3.5038490295410156
../instances/S1/p1250/p1250-4.txt;BinarySearch;24.0;24.0;24.0;Optimal;50.0;2.0692391395568848
../instances/S1/p1250/p1250-4.txt;LayeredSearch-2;24.0;24.0;24.0;Optimal;50.0;1.994994878768921
../instances/S1/p1250/p1250-4.txt;LayeredSearch-3;24.0;24.0;24.0;Optimal;40.0;2.3451480865478516
../instances/S1/p1250/p1250-4.txt;LayeredSearch-4;24.0;24.0;24.0;Optimal;52.0;2.383080005645752
../instances/S1/p1250/p1250-5.txt;solveCPCP_D;21.0;21.0;21.0;Optimal;51.0;2.2895419597625732
../instances/S1/p1250/p1250-5.txt;SequentialSearch;21.0;21.0;21.0;Optimal;47.0;3.2280690670013428
../instances/S1/p1250/p1250-5.txt;BinarySearch;21.0;21.0;21.0;Optimal;47.0;2.415231943130493
../instances/S1/p1250/p1250-5.txt;LayeredSearch-2;21.0;21.0;21.0;Optimal;50.0;3.5886569023132324
../instances/S1/p1250/p1250-5.txt;LayeredSearch-3;21.0;21.0;21.0;Optimal;46.0;3.7944068908691406
../instances/S1/p1250/p1250-5.txt;LayeredSearch-4;21.0;21.0;21.0;Optimal;49.0;3.892854928970337
../instances/S1/p1250/p1250-6.txt;solveCPCP_D;22.0;22.0;22.0;Optimal;54.0;2.457669973373413
../instances/S1/p1250/p1250-6.txt;SequentialSearch;22.0;22.0;22.0;Optimal;59.0;3.179471015930176
../instances/S1/p1250/p1250-6.txt;BinarySearch;22.0;22.0;22.0;Optimal;57.0;2.05593204498291
../instances/S1/p1250/p1250-6.txt;LayeredSearch-2;22.0;22.0;22.0;Optimal;44.0;2.7233729362487793
../instances/S1/p1250/p1250-6.txt;LayeredSearch-3;22.0;22.0;22.0;Optimal;57.0;2.2143149375915527
../instances/S1/p1250/p1250-6.txt;LayeredSearch-4;22.0;22.0;22.0;Optimal;44.0;2.1273200511932373
../instances/S1/p1250/p1250-7.txt;solveCPCP_D;20.0;20.0;20.0;Optimal;40.0;1.0231120586395264
../instances/S1/p1250/p1250-7.txt;SequentialSearch;20.0;20.0;20.0;Optimal;45.0;3.1226308345794678
../instances/S1/p1250/p1250-7.txt;BinarySearch;20.0;20.0;20.0;Optimal;47.0;2.1938540935516357
../instances/S1/p1250/p1250-7.txt;LayeredSearch-2;20.0;20.0;20.0;Optimal;47.0;2.2413580417633057
../instances/S1/p1250/p1250-7.txt;LayeredSearch-3;20.0;20.0;20.0;Optimal;46.0;1.7605879306793213
../instances/S1/p1250/p1250-7.txt;LayeredSearch-4;20.0;20.0;20.0;Optimal;47.0;2.201003074645996
../instances/S1/p1250/p1250-8.txt;solveCPCP_D;23.0;23.0;23.0;Optimal;50.0;2.228395938873291
../instances/S1/p1250/p1250-8.txt;SequentialSearch;23.0;23.0;23.0;Optimal;55.0;4.05885910987854
../instances/S1/p1250/p1250-8.txt;BinarySearch;23.0;23.0;23.0;Optimal;48.0;3.1736111640930176
../instances/S1/p1250/p1250-8.txt;LayeredSearch-2;23.0;23.0;23.0;Optimal;50.0;2.903280019760132
../instances/S1/p1250/p1250-8.txt;LayeredSearch-3;23.0;23.0;23.0;Optimal;50.0;2.6413450241088867
../instances/S1/p1250/p1250-8.txt;LayeredSearch-4;23.0;23.0;23.0;Optimal;55.0;2.8254809379577637
../instances/S1/p1250/p1250-9.txt;solveCPCP_D;19.0;19.0;19.0;Optimal;48.0;1.7074429988861084
../instances/S1/p1250/p1250-9.txt;SequentialSearch;19.0;19.0;19.0;Optimal;49.0;3.311490058898926
../instances/S1/p1250/p1250-9.txt;BinarySearch;19.0;19.0;19.0;Optimal;43.0;1.8511409759521484
../instances/S1/p1250/p1250-9.txt;LayeredSearch-2;19.0;19.0;19.0;Optimal;45.0;2.47843599319458
../instances/S1/p1250/p1250-9.txt;LayeredSearch-3;19.0;19.0;19.0;Optimal;46.0;2.199158191680908
../instances/S1/p1250/p1250-9.txt;LayeredSearch-4;19.0;19.0;19.0;Optimal;46.0;1.8903038501739502
../instances/S1/p15150/p15150-21.txt;solveCPCP_D;16.0;17.0;17.0;UserLimit;62.0;300.0192120075226
../instances/S1/p15150/p15150-21.txt;SequentialSearch;16.0;16.0;16.0;Optimal;65.0;19.143977165222168
../instances/S1/p15150/p15150-21.txt;BinarySearch;16.0;16.0;16.0;Optimal;65.0;18.587197065353394
../instances/S1/p15150/p15150-21.txt;LayeredSearch-2;16.0;16.0;16.0;Optimal;62.0;18.914217948913574
../instances/S1/p15150/p15150-21.txt;LayeredSearch-3;16.0;16.0;16.0;Optimal;64.0;16.33914017677307
../instances/S1/p15150/p15150-21.txt;LayeredSearch-4;16.0;16.0;16.0;Optimal;62.0;20.203224897384644
../instances/S1/p15150/p15150-22.txt;solveCPCP_D;16.000000000000014;18.0;18.0;UserLimit;63.0;300.0187759399414
../instances/S1/p15150/p15150-22.txt;SequentialSearch;16.0;66.0;16.0;UserLimit;66.0;300.0068829059601
../instances/S1/p15150/p15150-22.txt;BinarySearch;15.0;17.0;16.0;UserLimit;63.0;300.02098417282104
../instances/S1/p15150/p15150-22.txt;LayeredSearch-2;16.0;24.0;17.0;UserLimit;63.0;300.0065619945526
../instances/S1/p15150/p15150-22.txt;LayeredSearch-3;16.0;20.0;17.0;UserLimit;60.0;300.00661516189575
../instances/S1/p15150/p15150-22.txt;LayeredSearch-4;16.0;19.0;17.0;UserLimit;61.0;300.0271050930023
../instances/S1/p15150/p15150-23.txt;solveCPCP_D;16.0;16.0;16.0;Optimal;62.0;276.0816490650177
../instances/S1/p15150/p15150-23.txt;SequentialSearch;16.0;16.0;16.0;Optimal;66.0;13.259565114974976
../instances/S1/p15150/p15150-23.txt;BinarySearch;16.0;16.0;16.0;Optimal;68.0;176.25978183746338
../instances/S1/p15150/p15150-23.txt;LayeredSearch-2;16.0;16.0;16.0;Optimal;63.0;13.826766967773438
../instances/S1/p15150/p15150-23.txt;LayeredSearch-3;16.0;16.0;16.0;Optimal;64.0;14.267568826675415
../instances/S1/p15150/p15150-23.txt;LayeredSearch-4;16.0;16.0;16.0;Optimal;68.0;42.740342140197754
../instances/S1/p15150/p15150-24.txt;solveCPCP_D;15.00000000000001;17.0;17.0;UserLimit;61.0;300.02405190467834
../instances/S1/p15150/p15150-24.txt;SequentialSearch;16.0;16.0;16.0;Optimal;63.0;21.10930609703064
../instances/S1/p15150/p15150-24.txt;BinarySearch;16.0;16.0;16.0;Optimal;60.0;22.258808851242065
../instances/S1/p15150/p15150-24.txt;LayeredSearch-2;16.0;16.0;16.0;Optimal;61.0;20.06378698348999
../instances/S1/p15150/p15150-24.txt;LayeredSearch-3;16.0;16.0;16.0;Optimal;60.0;18.783280849456787
../instances/S1/p15150/p15150-24.txt;LayeredSearch-4;16.0;16.0;16.0;Optimal;66.0;17.236529111862183
../instances/S1/p15150/p15150-25.txt;solveCPCP_D;16.0;16.0;16.0;Optimal;54.0;157.7176640033722
../instances/S1/p15150/p15150-25.txt;SequentialSearch;16.0;16.0;16.0;Optimal;54.0;23.94665002822876
../instances/S1/p15150/p15150-25.txt;BinarySearch;16.0;16.0;16.0;Optimal;54.0;27.80424404144287
../instances/S1/p15150/p15150-25.txt;LayeredSearch-2;16.0;16.0;16.0;Optimal;54.0;21.937998056411743
../instances/S1/p15150/p15150-25.txt;LayeredSearch-3;16.0;16.0;16.0;Optimal;54.0;26.80786395072937
../instances/S1/p15150/p15150-25.txt;LayeredSearch-4;16.0;16.0;16.0;Optimal;54.0;21.668773889541626
../instances/S1/p15150/p15150-26.txt;solveCPCP_D;16.0;16.0;16.0;Optimal;62.0;65.59602499008179
../instances/S1/p15150/p15150-26.txt;SequentialSearch;16.0;16.0;16.0;Optimal;54.0;19.748620986938477
../instances/S1/p15150/p15150-26.txt;BinarySearch;16.0;16.0;16.0;Optimal;62.0;22.227288961410522
../instances/S1/p15150/p15150-26.txt;LayeredSearch-2;16.0;16.0;16.0;Optimal;62.0;22.47009015083313
../instances/S1/p15150/p15150-26.txt;LayeredSearch-3;16.0;16.0;16.0;Optimal;62.0;17.41087579727173
../instances/S1/p15150/p15150-26.txt;LayeredSearch-4;16.0;16.0;16.0;Optimal;54.0;18.901310920715332
../instances/S1/p15150/p15150-27.txt;solveCPCP_D;16.000000000000007;20.0;20.0;UserLimit;53.0;300.0188789367676
../instances/S1/p15150/p15150-27.txt;SequentialSearch;18.0;18.0;18.0;Optimal;58.0;113.52334594726562
../instances/S1/p15150/p15150-27.txt;BinarySearch;18.0;18.0;18.0;Optimal;53.0;107.32348012924194
../instances/S1/p15150/p15150-27.txt;LayeredSearch-2;18.0;18.0;18.0;Optimal;58.0;110.98988318443298
../instances/S1/p15150/p15150-27.txt;LayeredSearch-3;18.0;18.0;18.0;Optimal;53.0;113.178475856781
../instances/S1/p15150/p15150-27.txt;LayeredSearch-4;18.0;18.0;18.0;Optimal;60.0;107.27130603790283
../instances/S1/p15150/p15150-28.txt;solveCPCP_D;17.0;17.0;17.0;Optimal;57.0;46.96549201011658
../instances/S1/p15150/p15150-28.txt;SequentialSearch;17.0;17.0;17.0;Optimal;63.0;32.26641893386841
../instances/S1/p15150/p15150-28.txt;BinarySearch;17.0;17.0;17.0;Optimal;68.0;27.20192289352417
../instances/S1/p15150/p15150-28.txt;LayeredSearch-2;17.0;17.0;17.0;Optimal;62.0;30.377131938934326
../instances/S1/p15150/p15150-28.txt;LayeredSearch-3;17.0;17.0;17.0;Optimal;63.0;33.88170909881592
../instances/S1/p15150/p15150-28.txt;LayeredSearch-4;17.0;17.0;17.0;Optimal;65.0;31.07878303527832
../instances/S1/p15150/p15150-29.txt;solveCPCP_D;15.0;15.0;15.0;Optimal;59.0;56.799376010894775
../instances/S1/p15150/p15150-29.txt;SequentialSearch;15.0;15.0;15.0;Optimal;59.0;15.123291015625
../instances/S1/p15150/p15150-29.txt;BinarySearch;15.0;15.0;15.0;Optimal;67.0;21.841289043426514
../instances/S1/p15150/p15150-29.txt;LayeredSearch-2;15.0;15.0;15.0;Optimal;59.0;18.18791890144348
../instances/S1/p15150/p15150-29.txt;LayeredSearch-3;15.0;15.0;15.0;Optimal;65.0;17.683475017547607
../instances/S1/p15150/p15150-29.txt;LayeredSearch-4;15.0;15.0;15.0;Optimal;68.0;28.424799919128418
../instances/S1/p15150/p15150-30.txt;solveCPCP_D;15.0;15.0;15.0;Optimal;57.0;82.41186594963074
../instances/S1/p15150/p15150-30.txt;SequentialSearch;15.0;15.0;15.0;Optimal;55.0;22.573204040527344
../instances/S1/p15150/p15150-30.txt;BinarySearch;15.0;15.0;15.0;Optimal;57.0;19.38160800933838
../instances/S1/p15150/p15150-30.txt;LayeredSearch-2;15.0;15.0;15.0;Optimal;62.0;21.263484954833984
../instances/S1/p15150/p15150-30.txt;LayeredSearch-3;15.0;15.0;15.0;Optimal;59.0;20.11100697517395
../instances/S1/p15150/p15150-30.txt;LayeredSearch-4;15.0;15.0;15.0;Optimal;60.0;19.628499031066895
../instances/S1/p1650/p1650-1.txt;solveCPCP_D;17.0;17.0;17.0;Optimal;55.0;2.7099411487579346
../instances/S1/p1650/p1650-1.txt;SequentialSearch;17.0;17.0;17.0;Optimal;47.0;2.6161129474639893
../instances/S1/p1650/p1650-1.txt;BinarySearch;17.0;17.0;17.0;Optimal;49.0;23.962430000305176
../instances/S1/p1650/p1650-1.txt;LayeredSearch-2;17.0;17.0;17.0;Optimal;48.0;4.784470081329346
../instances/S1/p1650/p1650-1.txt;LayeredSearch-3;17.0;17.0;17.0;Optimal;60.0;1.9376168251037598
../instances/S1/p1650/p1650-1.txt;LayeredSearch-4;17.0;17.0;17.0;Optimal;55.0;1.696195125579834
../instances/S1/p1650/p1650-10.txt;solveCPCP_D;23.0;23.0;23.0;Optimal;81.0;8.200513124465942
../instances/S1/p1650/p1650-10.txt;SequentialSearch;23.0;23.0;23.0;Optimal;81.0;11.602843999862671
../instances/S1/p1650/p1650-10.txt;BinarySearch;23.0;23.0;23.0;Optimal;81.0;1.2066941261291504
../instances/S1/p1650/p1650-10.txt;LayeredSearch-2;23.0;23.0;23.0;Optimal;81.0;9.468427181243896
../instances/S1/p1650/p1650-10.txt;LayeredSearch-3;23.0;23.0;23.0;Optimal;81.0;8.533009052276611
../instances/S1/p1650/p1650-10.txt;LayeredSearch-4;23.0;23.0;23.0;Optimal;81.0;3.098155975341797
../instances/S1/p1650/p1650-2.txt;solveCPCP_D;18.0;18.0;18.0;Optimal;54.0;2.394066095352173
../instances/S1/p1650/p1650-2.txt;SequentialSearch;18.0;18.0;18.0;Optimal;47.0;2.7963919639587402
../instances/S1/p1650/p1650-2.txt;BinarySearch;18.0;18.0;18.0;Optimal;50.0;2.5176849365234375
../instances/S1/p1650/p1650-2.txt;LayeredSearch-2;18.0;18.0;18.0;Optimal;54.0;2.1423418521881104
../instances/S1/p1650/p1650-2.txt;LayeredSearch-3;18.0;18.0;18.0;Optimal;52.0;2.2051260471343994
../instances/S1/p1650/p1650-2.txt;LayeredSearch-4;18.0;18.0;18.0;Optimal;49.0;2.57989501953125
../instances/S1/p1650/p1650-3.txt;solveCPCP_D;15.0;15.0;15.0;Optimal;60.0;1.9176669120788574
../instances/S1/p1650/p1650-3.txt;SequentialSearch;15.0;15.0;15.0;Optimal;60.0;2.710545063018799
../instances/S1/p1650/p1650-3.txt;BinarySearch;15.0;15.0;15.0;Optimal;47.0;2.6524620056152344
../instances/S1/p1650/p1650-3.txt;LayeredSearch-2;15.0;15.0;15.0;Optimal;60.0;2.1457459926605225
../instances/S1/p1650/p1650-3.txt;LayeredSearch-3;15.0;15.0;15.0;Optimal;60.0;1.6526811122894287
../instances/S1/p1650/p1650-3.txt;LayeredSearch-4;15.0;15.0;15.0;Optimal;47.0;2.0986039638519287
../instances/S1/p1650/p1650-4.txt;solveCPCP_D;21.0;21.0;21.0;Optimal;48.0;1.8891088962554932
../instances/S1/p1650/p1650-4.txt;SequentialSearch;21.0;21.0;21.0;Optimal;46.0;4.589020013809204
../instances/S1/p1650/p1650-4.txt;BinarySearch;21.0;21.0;21.0;Optimal;48.0;3.474630117416382
../instances/S1/p1650/p1650-4.txt;LayeredSearch-2;21.0;21.0;21.0;Optimal;48.0;3.492089033126831
../instances/S1/p1650/p1650-4.txt;LayeredSearch-3;21.0;21.0;21.0;Optimal;46.0;3.2761380672454834
../instances/S1/p1650/p1650-4.txt;LayeredSearch-4;21.0;21.0;21.0;Optimal;48.0;3.046445846557617
../instances/S1/p1650/p1650-5.txt;solveCPCP_D;18.0;18.0;18.0;Optimal;51.0;0.8227429389953613
../instances/S1/p1650/p1650-5.txt;SequentialSearch;18.0;18.0;18.0;Optimal;45.0;3.440239906311035
../instances/S1/p1650/p1650-5.txt;BinarySearch;18.0;18.0;18.0;Optimal;46.0;2.072721004486084
../instances/S1/p1650/p1650-5.txt;LayeredSearch-2;18.0;18.0;18.0;Optimal;50.0;2.8074429035186768
../instances/S1/p1650/p1650-5.txt;LayeredSearch-3;18.0;18.0;18.0;Optimal;51.0;2.484905958175659
../instances/S1/p1650/p1650-5.txt;LayeredSearch-4;18.0;18.0;18.0;Optimal;44.0;1.8574941158294678
../instances/S1/p1650/p1650-6.txt;solveCPCP_D;19.0;19.0;19.0;Optimal;35.0;3.5709471702575684
../instances/S1/p1650/p1650-6.txt;SequentialSearch;19.0;19.0;19.0;Optimal;41.0;4.114514112472534
../instances/S1/p1650/p1650-6.txt;BinarySearch;19.0;19.0;19.0;Optimal;42.0;6.482999086380005
../instances/S1/p1650/p1650-6.txt;LayeredSearch-2;19.0;19.0;19.0;Optimal;42.0;8.999030828475952
../instances/S1/p1650/p1650-6.txt;LayeredSearch-3;19.0;19.0;19.0;Optimal;35.0;3.7105259895324707
../instances/S1/p1650/p1650-6.txt;LayeredSearch-4;19.0;19.0;19.0;Optimal;42.0;3.6718809604644775
../instances/S1/p1650/p1650-7.txt;solveCPCP_D;18.0;18.0;18.0;Optimal;41.0;4.869347095489502
../instances/S1/p1650/p1650-7.txt;SequentialSearch;18.0;18.0;18.0;Optimal;49.0;3.3716108798980713
../instances/S1/p1650/p1650-7.txt;BinarySearch;18.0;18.0;18.0;Optimal;49.0;2.0042200088500977
../instances/S1/p1650/p1650-7.txt;LayeredSearch-2;18.0;18.0;18.0;Optimal;54.0;2.313871145248413
../instances/S1/p1650/p1650-7.txt;LayeredSearch-3;18.0;18.0;18.0;Optimal;46.0;2.3325090408325195
../instances/S1/p1650/p1650-7.txt;LayeredSearch-4;18.0;18.0;18.0;Optimal;43.0;6.134267091751099
../instances/S1/p1650/p1650-8.txt;solveCPCP_D;20.0;20.0;20.0;Optimal;53.0;2.4406239986419678
../instances/S1/p1650/p1650-8.txt;SequentialSearch;20.0;20.0;20.0;Optimal;48.0;3.0526652336120605
../instances/S1/p1650/p1650-8.txt;BinarySearch;20.0;20.0;20.0;Optimal;53.0;2.8825008869171143
../instances/S1/p1650/p1650-8.txt;LayeredSearch-2;20.0;20.0;20.0;Optimal;49.0;3.8116869926452637
../instances/S1/p1650/p1650-8.txt;LayeredSearch-3;20.0;20.0;20.0;Optimal;48.0;2.476367950439453
../instances/S1/p1650/p1650-8.txt;LayeredSearch-4;20.0;20.0;20.0;Optimal;43.0;3.913439989089966
../instances/S1/p1650/p1650-9.txt;solveCPCP_D;17.0;17.0;17.0;Optimal;37.0;4.106751918792725
../instances/S1/p1650/p1650-9.txt;SequentialSearch;17.0;17.0;17.0;Optimal;43.0;2.923021078109741
../instances/S1/p1650/p1650-9.txt;BinarySearch;17.0;17.0;17.0;Optimal;46.0;2.85404896736145
../instances/S1/p1650/p1650-9.txt;LayeredSearch-2;17.0;17.0;17.0;Optimal;44.0;2.571565866470337
../instances/S1/p1650/p1650-9.txt;LayeredSearch-3;17.0;17.0;17.0;Optimal;44.0;2.5381500720977783
../instances/S1/p1650/p1650-9.txt;LayeredSearch-4;17.0;17.0;17.0;Optimal;44.0;2.182452917098999
../instances/S1/p20200/p20200-31.txt;solveCPCP_D;13.000000000000002;15.0;15.0;UserLimit;58.0;300.03305292129517
../instances/S1/p20200/p20200-31.txt;SequentialSearch;14.0;14.0;14.0;Optimal;65.0;56.000832080841064
../instances/S1/p20200/p20200-31.txt;BinarySearch;14.0;14.0;14.0;Optimal;65.0;204.68155813217163
../instances/S1/p20200/p20200-31.txt;LayeredSearch-2;14.0;14.0;14.0;Optimal;62.0;196.01139521598816
../instances/S1/p20200/p20200-31.txt;LayeredSearch-3;14.0;14.0;14.0;Optimal;71.0;217.3976719379425
../instances/S1/p20200/p20200-31.txt;LayeredSearch-4;14.0;14.0;14.0;Optimal;67.0;263.7728850841522
../instances/S1/p20200/p20200-32.txt;solveCPCP_D;14.000000000003514;15.0;15.0;UserLimit;61.0;300.03289008140564
../instances/S1/p20200/p20200-32.txt;SequentialSearch;13.0;61.0;13.0;UserLimit;61.0;300.00844383239746
../instances/S1/p20200/p20200-32.txt;BinarySearch;13.0;15.0;14.0;UserLimit;61.0;300.0278570652008
../instances/S1/p20200/p20200-32.txt;LayeredSearch-2;13.0;16.0;14.0;UserLimit;61.0;300.00850105285645
../instances/S1/p20200/p20200-32.txt;LayeredSearch-3;13.0;16.0;14.0;UserLimit;61.0;300.00871992111206
../instances/S1/p20200/p20200-32.txt;LayeredSearch-4;11.0;16.0;14.0;UserLimit;61.0;300.00882601737976
../instances/S1/p20200/p20200-33.txt;solveCPCP_D;14.0;15.0;15.0;UserLimit;58.0;300.0563931465149
../instances/S1/p20200/p20200-33.txt;SequentialSearch;14.0;14.0;14.0;Optimal;57.0;73.460932970047
../instances/S1/p20200/p20200-33.txt;BinarySearch;14.0;14.0;14.0;Optimal;62.0;65.0773069858551
../instances/S1/p20200/p20200-33.txt;LayeredSearch-2;14.0;14.0;14.0;Optimal;58.0;77.87670016288757
../instances/S1/p20200/p20200-33.txt;LayeredSearch-3;14.0;14.0;14.0;Optimal;62.0;79.3401529788971
../instances/S1/p20200/p20200-33.txt;LayeredSearch-4;14.0;14.0;14.0;Optimal;62.0;79.90764093399048
../instances/S1/p20200/p20200-34.txt;solveCPCP_D;13.000000000000014;18.0;18.0;UserLimit;58.0;300.0331768989563
../instances/S1/p20200/p20200-34.txt;SequentialSearch;14.0;63.0;14.0;UserLimit;63.0;300.02851700782776
../instances/S1/p20200/p20200-34.txt;BinarySearch;0.0;31.0;15.0;UserLimit;62.0;300.0066828727722
../instances/S1/p20200/p20200-34.txt;LayeredSearch-2;14.0;16.0;15.0;UserLimit;58.0;300.03101110458374
../instances/S1/p20200/p20200-34.txt;LayeredSearch-3;14.0;16.0;15.0;UserLimit;63.0;300.006893157959
../instances/S1/p20200/p20200-34.txt;LayeredSearch-4;14.0;16.0;15.0;UserLimit;57.0;300.0079560279846
../instances/S1/p20200/p20200-35.txt;solveCPCP_D;13.000000000000002;15.0;15.0;UserLimit;59.0;300.03480315208435
../instances/S1/p20200/p20200-35.txt;SequentialSearch;14.0;14.0;14.0;Optimal;59.0;42.06745386123657
../instances/S1/p20200/p20200-35.txt;BinarySearch;14.0;14.0;14.0;Optimal;59.0;39.47451615333557
../instances/S1/p20200/p20200-35.txt;LayeredSearch-2;14.0;14.0;14.0;Optimal;59.0;45.45519185066223
../instances/S1/p20200/p20200-35.txt;LayeredSearch-3;14.0;14.0;14.0;Optimal;59.0;49.29004406929016
../instances/S1/p20200/p20200-35.txt;LayeredSearch-4;14.0;14.0;14.0;Optimal;59.0;42.94063115119934
../instances/S1/p20200/p20200-36.txt;solveCPCP_D;14.000000000000002;16.0;16.0;UserLimit;65.0;300.0336630344391
../instances/S1/p20200/p20200-36.txt;SequentialSearch;14.0;14.0;14.0;Optimal;65.0;55.92332100868225
../instances/S1/p20200/p20200-36.txt;BinarySearch;14.0;14.0;14.0;Optimal;64.0;68.83474707603455
../instances/S1/p20200/p20200-36.txt;LayeredSearch-2;14.0;14.0;14.0;Optimal;65.0;71.48707795143127
../instances/S1/p20200/p20200-36.txt;LayeredSearch-3;14.0;14.0;14.0;Optimal;65.0;71.45011687278748
../instances/S1/p20200/p20200-36.txt;LayeredSearch-4;14.0;14.0;14.0;Optimal;63.0;75.4894208908081
../instances/S1/p20200/p20200-37.txt;solveCPCP_D;14.0;14.0;14.0;Optimal;61.0;93.45586013793945
../instances/S1/p20200/p20200-37.txt;SequentialSearch;14.0;14.0;14.0;Optimal;61.0;32.744734048843384
../instances/S1/p20200/p20200-37.txt;BinarySearch;14.0;14.0;14.0;Optimal;61.0;246.40037202835083
../instances/S1/p20200/p20200-37.txt;LayeredSearch-2;14.0;14.0;14.0;Optimal;61.0;30.799904108047485
../instances/S1/p20200/p20200-37.txt;LayeredSearch-3;14.0;14.0;14.0;Optimal;61.0;31.56190013885498
../instances/S1/p20200/p20200-37.txt;LayeredSearch-4;14.0;14.0;14.0;Optimal;61.0;34.01634693145752
../instances/S1/p20200/p20200-38.txt;solveCPCP_D;13.00000000000001;16.0;16.0;UserLimit;66.0;300.033597946167
../instances/S1/p20200/p20200-38.txt;SequentialSearch;14.0;14.0;14.0;Optimal;62.0;100.79950189590454
../instances/S1/p20200/p20200-38.txt;BinarySearch;14.0;14.0;14.0;Optimal;56.0;94.81394982337952
../instances/S1/p20200/p20200-38.txt;LayeredSearch-2;14.0;14.0;14.0;Optimal;66.0;99.69178819656372
../instances/S1/p20200/p20200-38.txt;LayeredSearch-3;14.0;14.0;14.0;Optimal;52.0;99.6481261253357
../instances/S1/p20200/p20200-38.txt;LayeredSearch-4;14.0;14.0;14.0;Optimal;66.0;101.27153301239014
../instances/S1/p20200/p20200-39.txt;solveCPCP_D;13.000000000000007;15.0;15.0;UserLimit;62.0;300.0026168823242
../instances/S1/p20200/p20200-39.txt;SequentialSearch;13.0;13.0;13.0;Optimal;58.0;47.26103711128235
../instances/S1/p20200/p20200-39.txt;BinarySearch;13.0;13.0;13.0;Optimal;62.0;75.59456205368042
../instances/S1/p20200/p20200-39.txt;LayeredSearch-2;8.0;62.0;16.0;UserLimit;62.0;300.0101680755615
../instances/S1/p20200/p20200-39.txt;LayeredSearch-3;0.0;62.0;16.0;UserLimit;62.0;300.1947720050812
../instances/S1/p20200/p20200-39.txt;LayeredSearch-4;8.0;22.0;16.0;UserLimit;60.0;300.0103929042816
../instances/S1/p20200/p20200-40.txt;solveCPCP_D;14.000000000000005;16.0;16.0;UserLimit;55.0;300.0336151123047
../instances/S1/p20200/p20200-40.txt;SequentialSearch;15.0;15.0;15.0;Optimal;54.0;107.62354707717896
../instances/S1/p20200/p20200-40.txt;BinarySearch;15.0;15.0;15.0;Optimal;57.0;92.46018695831299
../instances/S1/p20200/p20200-40.txt;LayeredSearch-2;15.0;15.0;15.0;Optimal;57.0;105.16205215454102
../instances/S1/p20200/p20200-40.txt;LayeredSearch-3;15.0;15.0;15.0;Optimal;60.0;113.09876704216003
../instances/S1/p20200/p20200-40.txt;LayeredSearch-4;15.0;15.0;15.0;Optimal;58.0;95.90242290496826
../instances/S1/p2050/p2050-1.txt;solveCPCP_D;17.0;17.0;17.0;Optimal;57.0;1.1337130069732666
../instances/S1/p2050/p2050-1.txt;SequentialSearch;17.0;17.0;17.0;Optimal;57.0;3.867379903793335
../instances/S1/p2050/p2050-1.txt;BinarySearch;17.0;17.0;17.0;Optimal;47.0;5.557542085647583
../instances/S1/p2050/p2050-1.txt;LayeredSearch-2;17.0;17.0;17.0;Optimal;57.0;4.283179998397827
../instances/S1/p2050/p2050-1.txt;LayeredSearch-3;17.0;17.0;17.0;Optimal;57.0;3.7191410064697266
../instances/S1/p2050/p2050-1.txt;LayeredSearch-4;17.0;17.0;17.0;Optimal;57.0;10.633642196655273
../instances/S1/p2050/p2050-10.txt;solveCPCP_D;23.0;23.0;23.0;Optimal;81.0;18.073090076446533
../instances/S1/p2050/p2050-10.txt;SequentialSearch;23.0;23.0;23.0;Optimal;81.0;3.891226053237915
../instances/S1/p2050/p2050-10.txt;BinarySearch;23.0;23.0;23.0;Optimal;81.0;1.725917100906372
../instances/S1/p2050/p2050-10.txt;LayeredSearch-2;23.0;23.0;23.0;Optimal;76.0;3.0916571617126465
../instances/S1/p2050/p2050-10.txt;LayeredSearch-3;23.0;23.0;23.0;Optimal;81.0;3.072869062423706
../instances/S1/p2050/p2050-10.txt;LayeredSearch-4;23.0;23.0;23.0;Optimal;81.0;2.0548839569091797
../instances/S1/p2050/p2050-2.txt;solveCPCP_D;18.0;18.0;18.0;Optimal;42.0;0.5845789909362793
../instances/S1/p2050/p2050-2.txt;SequentialSearch;18.0;18.0;18.0;Optimal;52.0;3.1429128646850586
../instances/S1/p2050/p2050-2.txt;BinarySearch;18.0;18.0;18.0;Optimal;56.0;2.291630983352661
../instances/S1/p2050/p2050-2.txt;LayeredSearch-2;18.0;18.0;18.0;Optimal;57.0;2.454456090927124
../instances/S1/p2050/p2050-2.txt;LayeredSearch-3;18.0;18.0;18.0;Optimal;40.0;2.270272970199585
../instances/S1/p2050/p2050-2.txt;LayeredSearch-4;18.0;18.0;18.0;Optimal;43.0;3.1767938137054443
../instances/S1/p2050/p2050-3.txt;solveCPCP_D;17.0;17.0;17.0;Optimal;62.0;1.8570659160614014
../instances/S1/p2050/p2050-3.txt;SequentialSearch;17.0;17.0;17.0;Optimal;62.0;2.556828022003174
../instances/S1/p2050/p2050-3.txt;BinarySearch;17.0;17.0;17.0;Optimal;66.0;1.8496909141540527
../instances/S1/p2050/p2050-3.txt;LayeredSearch-2;17.0;17.0;17.0;Optimal;62.0;1.9072608947753906
../instances/S1/p2050/p2050-3.txt;LayeredSearch-3;17.0;17.0;17.0;Optimal;50.0;4.285459041595459
../instances/S1/p2050/p2050-3.txt;LayeredSearch-4;17.0;17.0;17.0;Optimal;62.0;2.0758979320526123
../instances/S1/p2050/p2050-4.txt;solveCPCP_D;21.0;21.0;21.0;Optimal;50.0;7.16518497467041
../instances/S1/p2050/p2050-4.txt;SequentialSearch;20.0;20.0;20.0;Optimal;47.0;12.177945852279663
../instances/S1/p2050/p2050-4.txt;BinarySearch;20.0;20.0;20.0;Optimal;50.0;8.11891794204712
../instances/S1/p2050/p2050-4.txt;LayeredSearch-2;20.0;20.0;20.0;Optimal;50.0;11.224276065826416
../instances/S1/p2050/p2050-4.txt;LayeredSearch-3;20.0;20.0;20.0;Optimal;50.0;7.983311891555786
../instances/S1/p2050/p2050-4.txt;LayeredSearch-4;20.0;20.0;20.0;Optimal;46.0;8.080143928527832
../instances/S1/p2050/p2050-5.txt;solveCPCP_D;19.0;19.0;19.0;Optimal;48.0;6.128489971160889
../instances/S1/p2050/p2050-5.txt;SequentialSearch;19.0;19.0;19.0;Optimal;51.0;2.9363698959350586
../instances/S1/p2050/p2050-5.txt;BinarySearch;19.0;19.0;19.0;Optimal;51.0;2.214684009552002
../instances/S1/p2050/p2050-5.txt;LayeredSearch-2;19.0;19.0;19.0;Optimal;47.0;2.452199935913086
../instances/S1/p2050/p2050-5.txt;LayeredSearch-3;19.0;19.0;19.0;Optimal;50.0;2.0795512199401855
../instances/S1/p2050/p2050-5.txt;LayeredSearch-4;19.0;19.0;19.0;Optimal;47.0;2.0438919067382812
../instances/S1/p2050/p2050-6.txt;solveCPCP_D;19.0;20.0;20.0;UserLimit;61.0;300.00235509872437
../instances/S1/p2050/p2050-6.txt;SequentialSearch;20.0;20.0;20.0;Optimal;54.0;4.423254013061523
../instances/S1/p2050/p2050-6.txt;BinarySearch;20.0;20.0;20.0;Optimal;59.0;3.795793056488037
../instances/S1/p2050/p2050-6.txt;LayeredSearch-2;20.0;20.0;20.0;Optimal;57.0;20.951278924942017
../instances/S1/p2050/p2050-6.txt;LayeredSearch-3;20.0;20.0;20.0;Optimal;56.0;3.4099531173706055
../instances/S1/p2050/p2050-6.txt;LayeredSearch-4;20.0;20.0;20.0;Optimal;66.0;43.703399896621704
../instances/S1/p2050/p2050-7.txt;solveCPCP_D;19.0;19.0;19.0;Optimal;77.0;7.3764238357543945
../instances/S1/p2050/p2050-7.txt;SequentialSearch;19.0;19.0;19.0;Optimal;78.0;2.2545480728149414
../instances/S1/p2050/p2050-7.txt;BinarySearch;19.0;19.0;19.0;Optimal;77.0;1.358389139175415
../instances/S1/p2050/p2050-7.txt;LayeredSearch-2;19.0;19.0;19.0;Optimal;78.0;2.0273659229278564
../instances/S1/p2050/p2050-7.txt;LayeredSearch-3;19.0;19.0;19.0;Optimal;74.0;1.2249231338500977
../instances/S1/p2050/p2050-7.txt;LayeredSearch-4;19.0;19.0;19.0;Optimal;78.0;2.5789079666137695
../instances/S1/p2050/p2050-8.txt;solveCPCP_D;23.0;23.0;23.0;Optimal;46.0;8.33339810371399
../instances/S1/p2050/p2050-8.txt;SequentialSearch;23.0;23.0;23.0;Optimal;46.0;4.1560962200164795
../instances/S1/p2050/p2050-8.txt;BinarySearch;23.0;23.0;23.0;Optimal;44.0;38.727503061294556
../instances/S1/p2050/p2050-8.txt;LayeredSearch-2;23.0;23.0;23.0;Optimal;46.0;3.140268087387085
../instances/S1/p2050/p2050-8.txt;LayeredSearch-3;21.0;26.0;25.0;UserLimit;44.0;300.181871175766
../instances/S1/p2050/p2050-8.txt;LayeredSearch-4;18.0;36.0;25.0;UserLimit;46.0;300.00236916542053
../instances/S1/p2050/p2050-9.txt;solveCPCP_D;20.0;21.0;21.0;UserLimit;44.0;300.0021541118622
../instances/S1/p2050/p2050-9.txt;SequentialSearch;21.0;21.0;21.0;Optimal;49.0;11.849964141845703
../instances/S1/p2050/p2050-9.txt;BinarySearch;21.0;21.0;21.0;Optimal;46.0;16.538387060165405
../instances/S1/p2050/p2050-9.txt;LayeredSearch-2;21.0;21.0;21.0;Optimal;50.0;11.16898798942566
../instances/S1/p2050/p2050-9.txt;LayeredSearch-3;21.0;21.0;21.0;Optimal;50.0;11.080688953399658
../instances/S1/p2050/p2050-9.txt;LayeredSearch-4;21.0;21.0;21.0;Optimal;43.0;16.500618934631348
../instances/S1/p25100/p25100-11.txt;solveCPCP_D;13.0;14.0;14.0;UserLimit;55.0;300.00829005241394
../instances/S1/p25100/p25100-11.txt;SequentialSearch;14.0;14.0;14.0;Optimal;55.0;55.624881982803345
../instances/S1/p25100/p25100-11.txt;BinarySearch;0.0;30.0;15.0;UserLimit;61.0;300.00335001945496
../instances/S1/p25100/p25100-11.txt;LayeredSearch-2;8.0;59.0;16.0;UserLimit;59.0;300.0036859512329
../instances/S1/p25100/p25100-11.txt;LayeredSearch-3;14.0;14.0;14.0;Optimal;50.0;52.433156967163086
../instances/S1/p25100/p25100-11.txt;LayeredSearch-4;8.0;23.0;16.0;UserLimit;65.0;300.0035560131073
../instances/S1/p25100/p25100-12.txt;solveCPCP_D;13.0;13.0;13.0;Optimal;52.0;2.521723985671997
../instances/S1/p25100/p25100-12.txt;SequentialSearch;13.0;13.0;13.0;Optimal;58.0;8.886924028396606
../instances/S1/p25100/p25100-12.txt;BinarySearch;13.0;13.0;13.0;Optimal;58.0;6.587316036224365
../instances/S1/p25100/p25100-12.txt;LayeredSearch-2;8.0;58.0;16.0;UserLimit;58.0;300.1818220615387
../instances/S1/p25100/p25100-12.txt;LayeredSearch-3;13.0;13.0;13.0;Optimal;52.0;6.657814025878906
../instances/S1/p25100/p25100-12.txt;LayeredSearch-4;8.0;21.0;16.0;UserLimit;58.0;300.00381112098694
../instances/S1/p25100/p25100-13.txt;solveCPCP_D;12.000000000000002;13.0;13.0;UserLimit;61.0;300.00800800323486
../instances/S1/p25100/p25100-13.txt;SequentialSearch;13.0;13.0;13.0;Optimal;49.0;215.49594402313232
../instances/S1/p25100/p25100-13.txt;BinarySearch;13.0;13.0;13.0;Optimal;57.0;218.55707216262817
../instances/S1/p25100/p25100-13.txt;LayeredSearch-2;13.0;13.0;13.0;Optimal;65.0;216.67105793952942
../instances/S1/p25100/p25100-13.txt;LayeredSearch-3;13.0;13.0;13.0;Optimal;63.0;213.77431893348694
../instances/S1/p25100/p25100-13.txt;LayeredSearch-4;13.0;13.0;13.0;Optimal;58.0;218.76975011825562
../instances/S1/p25100/p25100-14.txt;solveCPCP_D;13.0;14.0;14.0;UserLimit;60.0;300.0082688331604
../instances/S1/p25100/p25100-14.txt;SequentialSearch;14.0;14.0;14.0;Optimal;56.0;180.158921957016
../instances/S1/p25100/p25100-14.txt;BinarySearch;14.0;14.0;14.0;Optimal;60.0;169.95424699783325
../instances/S1/p25100/p25100-14.txt;LayeredSearch-2;14.0;14.0;14.0;Optimal;56.0;180.48494386672974
../instances/S1/p25100/p25100-14.txt;LayeredSearch-3;14.0;14.0;14.0;Optimal;60.0;151.79716181755066
../instances/S1/p25100/p25100-14.txt;LayeredSearch-4;14.0;14.0;14.0;Optimal;60.0;181.55281019210815
../instances/S1/p25100/p25100-15.txt;solveCPCP_D;14.000000000000002;15.0;15.0;UserLimit;53.0;300.0081000328064
../instances/S1/p25100/p25100-15.txt;SequentialSearch;14.0;14.0;14.0;Optimal;55.0;9.802005052566528
../instances/S1/p25100/p25100-15.txt;BinarySearch;14.0;14.0;14.0;Optimal;55.0;208.639976978302
../instances/S1/p25100/p25100-15.txt;LayeredSearch-2;14.0;14.0;14.0;Optimal;55.0;57.253206968307495
../instances/S1/p25100/p25100-15.txt;LayeredSearch-3;14.0;14.0;14.0;Optimal;55.0;12.882385969161987
../instances/S1/p25100/p25100-15.txt;LayeredSearch-4;14.0;14.0;14.0;Optimal;55.0;210.41003608703613
../instances/S1/p25100/p25100-16.txt;solveCPCP_D;14.000000000000002;15.0;15.0;UserLimit;56.0;300.00827407836914
../instances/S1/p25100/p25100-16.txt;SequentialSearch;14.0;14.0;14.0;Optimal;56.0;22.07651686668396
../instances/S1/p25100/p25100-16.txt;BinarySearch;14.0;14.0;14.0;Optimal;55.0;23.777278900146484
../instances/S1/p25100/p25100-16.txt;LayeredSearch-2;14.0;14.0;14.0;Optimal;53.0;28.456444025039673
../instances/S1/p25100/p25100-16.txt;LayeredSearch-3;14.0;14.0;14.0;Optimal;56.0;28.484105825424194
../instances/S1/p25100/p25100-16.txt;LayeredSearch-4;14.0;14.0;14.0;Optimal;52.0;24.826446056365967
../instances/S1/p25100/p25100-17.txt;solveCPCP_D;14.0;14.0;14.0;Optimal;55.0;9.029077053070068
../instances/S1/p25100/p25100-17.txt;SequentialSearch;12.0;60.0;12.0;UserLimit;60.0;300.23059582710266
../instances/S1/p25100/p25100-17.txt;BinarySearch;11.0;15.0;13.0;UserLimit;60.0;300.0030288696289
../instances/S1/p25100/p25100-17.txt;LayeredSearch-2;12.0;16.0;13.0;UserLimit;57.0;300.0036630630493
../instances/S1/p25100/p25100-17.txt;LayeredSearch-3;12.0;16.0;13.0;UserLimit;60.0;300.003310918808
../instances/S1/p25100/p25100-17.txt;LayeredSearch-4;12.0;14.0;13.0;UserLimit;60.0;300.00323510169983
../instances/S1/p25100/p25100-18.txt;solveCPCP_D;14.0;14.0;14.0;Optimal;74.0;21.06043004989624
../instances/S1/p25100/p25100-18.txt;SequentialSearch;14.0;14.0;14.0;Optimal;74.0;13.329316854476929
../instances/S1/p25100/p25100-18.txt;BinarySearch;14.0;14.0;14.0;Optimal;65.0;48.70819687843323
../instances/S1/p25100/p25100-18.txt;LayeredSearch-2;14.0;14.0;14.0;Optimal;73.0;12.877933025360107
../instances/S1/p25100/p25100-18.txt;LayeredSearch-3;14.0;14.0;14.0;Optimal;71.0;48.719375133514404
../instances/S1/p25100/p25100-18.txt;LayeredSearch-4;14.0;14.0;14.0;Optimal;73.0;15.786947011947632
../instances/S1/p25100/p25100-19.txt;solveCPCP_D;13.000000000000002;14.0;14.0;UserLimit;49.0;300.0081977844238
../instances/S1/p25100/p25100-19.txt;SequentialSearch;13.0;13.0;13.0;Optimal;49.0;17.835657119750977
../instances/S1/p25100/p25100-19.txt;BinarySearch;13.0;13.0;13.0;Optimal;46.0;94.2369270324707
../instances/S1/p25100/p25100-19.txt;LayeredSearch-2;13.0;13.0;13.0;Optimal;49.0;92.2415759563446
../instances/S1/p25100/p25100-19.txt;LayeredSearch-3;13.0;13.0;13.0;Optimal;49.0;92.20730304718018
../instances/S1/p25100/p25100-19.txt;LayeredSearch-4;13.0;13.0;13.0;Optimal;49.0;93.0679280757904
../instances/S1/p25100/p25100-20.txt;solveCPCP_D;13.0;15.0;15.0;UserLimit;55.0;300.00850200653076
../instances/S1/p25100/p25100-20.txt;SequentialSearch;14.0;53.0;14.0;UserLimit;53.0;300.0041720867157
../instances/S1/p25100/p25100-20.txt;BinarySearch;13.0;20.0;16.0;UserLimit;55.0;300.0041069984436
../instances/S1/p25100/p25100-20.txt;LayeredSearch-2;8.0;55.0;16.0;UserLimit;55.0;300.0035331249237
../instances/S1/p25100/p25100-20.txt;LayeredSearch-3;0.0;55.0;15.0;UserLimit;55.0;300.00340390205383
../instances/S1/p25100/p25100-20.txt;LayeredSearch-4;8.0;20.0;16.0;UserLimit;53.0;300.00392389297485
../instances/S1/p33100/p33100-11.txt;solveCPCP_D;11.0;11.0;11.0;Optimal;62.0;10.528162002563477
../instances/S1/p33100/p33100-11.txt;SequentialSearch;11.0;11.0;11.0;Optimal;62.0;8.195203065872192
../instances/S1/p33100/p33100-11.txt;BinarySearch;11.0;11.0;11.0;Optimal;60.0;8.527287006378174
../instances/S1/p33100/p33100-11.txt;LayeredSearch-2;11.0;11.0;11.0;Optimal;58.0;29.831011056900024
../instances/S1/p33100/p33100-11.txt;LayeredSearch-3;11.0;11.0;11.0;Optimal;62.0;31.03093385696411
../instances/S1/p33100/p33100-11.txt;LayeredSearch-4;11.0;11.0;11.0;Optimal;58.0;29.787874937057495
../instances/S1/p33100/p33100-12.txt;solveCPCP_D;12.0;12.0;12.0;Optimal;71.0;30.758091926574707
../instances/S1/p33100/p33100-12.txt;SequentialSearch;12.0;12.0;12.0;Optimal;63.0;49.52694392204285
../instances/S1/p33100/p33100-12.txt;BinarySearch;12.0;12.0;12.0;Optimal;58.0;52.49955081939697
../instances/S1/p33100/p33100-12.txt;LayeredSearch-2;12.0;12.0;12.0;Optimal;64.0;59.95381712913513
../instances/S1/p33100/p33100-12.txt;LayeredSearch-3;12.0;12.0;12.0;Optimal;71.0;60.87139415740967
../instances/S1/p33100/p33100-12.txt;LayeredSearch-4;12.0;12.0;12.0;Optimal;69.0;54.895678997039795
../instances/S1/p33100/p33100-13.txt;solveCPCP_D;11.000000000000002;12.0;12.0;UserLimit;52.0;300.00867104530334
../instances/S1/p33100/p33100-13.txt;SequentialSearch;12.0;12.0;12.0;Optimal;52.0;50.606001138687134
../instances/S1/p33100/p33100-13.txt;BinarySearch;0.0;26.0;13.0;UserLimit;52.0;300.00332617759705
../instances/S1/p33100/p33100-13.txt;LayeredSearch-2;12.0;12.0;12.0;Optimal;52.0;58.92767119407654
../instances/S1/p33100/p33100-13.txt;LayeredSearch-3;12.0;12.0;12.0;Optimal;51.0;81.15020680427551
../instances/S1/p33100/p33100-13.txt;LayeredSearch-4;12.0;12.0;12.0;Optimal;52.0;89.94640398025513
../instances/S1/p33100/p33100-14.txt;solveCPCP_D;11.0;12.0;12.0;UserLimit;52.0;300.0081171989441
../instances/S1/p33100/p33100-14.txt;SequentialSearch;12.0;12.0;12.0;Optimal;52.0;14.857610940933228
../instances/S1/p33100/p33100-14.txt;BinarySearch;0.0;26.0;13.0;UserLimit;52.0;300.0031909942627
../instances/S1/p33100/p33100-14.txt;LayeredSearch-2;8.0;52.0;16.0;UserLimit;52.0;300.00394010543823
../instances/S1/p33100/p33100-14.txt;LayeredSearch-3;12.0;12.0;12.0;Optimal;52.0;38.86236500740051
../instances/S1/p33100/p33100-14.txt;LayeredSearch-4;8.0;20.0;16.0;UserLimit;52.0;300.00398898124695
../instances/S1/p33100/p33100-15.txt;solveCPCP_D;13.0;13.0;13.0;Optimal;67.0;15.274557113647461
../instances/S1/p33100/p33100-15.txt;SequentialSearch;13.0;13.0;13.0;Optimal;71.0;8.73535704612732
../instances/S1/p33100/p33100-15.txt;BinarySearch;13.0;13.0;13.0;Optimal;79.0;12.458076000213623
../instances/S1/p33100/p33100-15.txt;LayeredSearch-2;13.0;13.0;13.0;Optimal;69.0;7.957046985626221
../instances/S1/p33100/p33100-15.txt;LayeredSearch-3;13.0;13.0;13.0;Optimal;64.0;140.93653106689453
../instances/S1/p33100/p33100-15.txt;LayeredSearch-4;13.0;13.0;13.0;Optimal;66.0;145.11858701705933
../instances/S1/p33100/p33100-16.txt;solveCPCP_D;13.0;13.0;13.0;Optimal;60.0;172.84222388267517
../instances/S1/p33100/p33100-16.txt;SequentialSearch;13.0;13.0;13.0;Optimal;59.0;18.84088897705078
../instances/S1/p33100/p33100-16.txt;BinarySearch;13.0;13.0;13.0;Optimal;54.0;17.400264978408813
../instances/S1/p33100/p33100-16.txt;LayeredSearch-2;8.0;60.0;16.0;UserLimit;60.0;300.18505907058716
../instances/S1/p33100/p33100-16.txt;LayeredSearch-3;0.0;60.0;16.0;UserLimit;60.0;300.00394892692566
../instances/S1/p33100/p33100-16.txt;LayeredSearch-4;8.0;21.0;16.0;UserLimit;57.0;300.0041711330414
../instances/S1/p33100/p33100-17.txt;solveCPCP_D;12.0;13.0;13.0;UserLimit;55.0;300.0082368850708
../instances/S1/p33100/p33100-17.txt;SequentialSearch;13.0;13.0;13.0;Optimal;58.0;53.30158495903015
../instances/S1/p33100/p33100-17.txt;BinarySearch;13.0;13.0;13.0;Optimal;63.0;72.86303782463074
../instances/S1/p33100/p33100-17.txt;LayeredSearch-2;13.0;13.0;13.0;Optimal;57.0;100.27235507965088
../instances/S1/p33100/p33100-17.txt;LayeredSearch-3;13.0;13.0;13.0;Optimal;57.0;64.91471791267395
../instances/S1/p33100/p33100-17.txt;LayeredSearch-4;0.0;63.0;23.0;UserLimit;63.0;300.00499200820923
../instances/S1/p33100/p33100-18.txt;solveCPCP_D;13.0;14.0;14.0;UserLimit;72.0;300.00834608078003
../instances/S1/p33100/p33100-18.txt;SequentialSearch;14.0;14.0;14.0;Optimal;72.0;14.99681806564331
../instances/S1/p33100/p33100-18.txt;BinarySearch;0.0;36.0;18.0;UserLimit;72.0;300.0037930011749
../instances/S1/p33100/p33100-18.txt;LayeredSearch-2;9.0;72.0;18.0;UserLimit;72.0;300.00414085388184
../instances/S1/p33100/p33100-18.txt;LayeredSearch-3;0.0;72.0;18.0;UserLimit;72.0;300.004273891449
../instances/S1/p33100/p33100-18.txt;LayeredSearch-4;9.0;25.0;18.0;UserLimit;72.0;300.0037348270416
../instances/S1/p33100/p33100-19.txt;solveCPCP_D;11.000000000000004;12.0;12.0;UserLimit;64.0;300.00822710990906
../instances/S1/p33100/p33100-19.txt;SequentialSearch;12.0;12.0;12.0;Optimal;64.0;123.12394404411316
../instances/S1/p33100/p33100-19.txt;BinarySearch;12.0;12.0;12.0;Optimal;64.0;129.42126202583313
../instances/S1/p33100/p33100-19.txt;LayeredSearch-2;12.0;12.0;12.0;Optimal;59.0;125.85688400268555
../instances/S1/p33100/p33100-19.txt;LayeredSearch-3;12.0;12.0;12.0;Optimal;64.0;128.3028028011322
../instances/S1/p33100/p33100-19.txt;LayeredSearch-4;12.0;12.0;12.0;Optimal;64.0;128.33409309387207
../instances/S1/p33100/p33100-20.txt;solveCPCP_D;12.000000000000004;13.0;13.0;UserLimit;59.0;300.0091669559479
../instances/S1/p33100/p33100-20.txt;SequentialSearch;12.0;12.0;12.0;Optimal;65.0;11.10495901107788
../instances/S1/p33100/p33100-20.txt;BinarySearch;12.0;12.0;12.0;Optimal;59.0;8.955935001373291
../instances/S1/p33100/p33100-20.txt;LayeredSearch-2;12.0;12.0;12.0;Optimal;65.0;163.11909890174866
../instances/S1/p33100/p33100-20.txt;LayeredSearch-3;0.0;57.0;15.0;UserLimit;57.0;300.00423097610474
../instances/S1/p33100/p33100-20.txt;LayeredSearch-4;12.0;12.0;12.0;Optimal;65.0;160.86083793640137
../instances/S1/p37150/p37150-21.txt;solveCPCP_D;11.0;12.0;12.0;UserLimit;59.0;300.018746137619
../instances/S1/p37150/p37150-21.txt;SequentialSearch;11.0;11.0;11.0;Optimal;59.0;97.47762799263
../instances/S1/p37150/p37150-21.txt;BinarySearch;0.0;29.0;14.0;UserLimit;59.0;300.0052840709686
../instances/S1/p37150/p37150-21.txt;LayeredSearch-2;11.0;11.0;11.0;Optimal;55.0;123.68860507011414
../instances/S1/p37150/p37150-21.txt;LayeredSearch-3;8.0;15.0;12.0;UserLimit;59.0;300.0049350261688
../instances/S1/p37150/p37150-21.txt;LayeredSearch-4;11.0;11.0;11.0;Optimal;58.0;115.86669206619263
../instances/S1/p37150/p37150-22.txt;solveCPCP_D;11.0;11.0;11.0;Optimal;63.0;31.84484100341797
../instances/S1/p37150/p37150-22.txt;SequentialSearch;11.0;11.0;11.0;Optimal;69.0;39.191619873046875
../instances/S1/p37150/p37150-22.txt;BinarySearch;11.0;11.0;11.0;Optimal;61.0;102.73329997062683
../instances/S1/p37150/p37150-22.txt;LayeredSearch-2;11.0;11.0;11.0;Optimal;72.0;36.028993129730225
../instances/S1/p37150/p37150-22.txt;LayeredSearch-3;11.0;11.0;11.0;Optimal;72.0;98.737478017807
../instances/S1/p37150/p37150-22.txt;LayeredSearch-4;11.0;11.0;11.0;Optimal;69.0;49.56930994987488
../instances/S1/p37150/p37150-23.txt;solveCPCP_D;11.000000000000004;13.0;13.0;UserLimit;59.0;300.0192070007324
../instances/S1/p37150/p37150-23.txt;SequentialSearch;9.0;59.0;9.0;UserLimit;59.0;300.0053069591522
../instances/S1/p37150/p37150-23.txt;BinarySearch;0.0;29.0;14.0;UserLimit;59.0;300.00697684288025
../instances/S1/p37150/p37150-23.txt;LayeredSearch-2;9.0;16.0;10.0;UserLimit;59.0;300.0042200088501
../instances/S1/p37150/p37150-23.txt;LayeredSearch-3;9.0;12.0;10.0;UserLimit;59.0;300.00587487220764
../instances/S1/p37150/p37150-23.txt;LayeredSearch-4;11.0;16.0;14.0;UserLimit;59.0;300.0054609775543
../instances/S1/p37150/p37150-24.txt;solveCPCP_D;11.000000000000004;12.0;12.0;UserLimit;57.0;300.02262687683105
../instances/S1/p37150/p37150-24.txt;SequentialSearch;9.0;52.0;9.0;UserLimit;52.0;300.0046479701996
../instances/S1/p37150/p37150-24.txt;BinarySearch;0.0;24.0;12.0;UserLimit;49.0;300.0055401325226
../instances/S1/p37150/p37150-24.txt;LayeredSearch-2;8.0;53.0;16.0;UserLimit;53.0;300.0063419342041
../instances/S1/p37150/p37150-24.txt;LayeredSearch-3;0.0;50.0;14.0;UserLimit;50.0;300.01068019866943
../instances/S1/p37150/p37150-24.txt;LayeredSearch-4;8.0;21.0;16.0;UserLimit;57.0;300.0066020488739
../instances/S1/p37150/p37150-25.txt;solveCPCP_D;10.0;10.0;10.0;Optimal;47.0;6.440216064453125
../instances/S1/p37150/p37150-25.txt;SequentialSearch;10.0;10.0;10.0;Optimal;51.0;19.212167978286743
../instances/S1/p37150/p37150-25.txt;BinarySearch;10.0;10.0;10.0;Optimal;51.0;57.10939908027649
../instances/S1/p37150/p37150-25.txt;LayeredSearch-2;10.0;10.0;10.0;Optimal;51.0;36.578917026519775
../instances/S1/p37150/p37150-25.txt;LayeredSearch-3;0.0;51.0;14.0;UserLimit;51.0;300.20428109169006
../instances/S1/p37150/p37150-25.txt;LayeredSearch-4;7.0;19.0;14.0;UserLimit;50.0;300.00575518608093
../instances/S1/p37150/p37150-26.txt;solveCPCP_D;10.0;10.0;10.0;Optimal;50.0;241.61431217193604
../instances/S1/p37150/p37150-26.txt;SequentialSearch;10.0;10.0;10.0;Optimal;50.0;110.5543360710144
../instances/S1/p37150/p37150-26.txt;BinarySearch;10.0;10.0;10.0;Optimal;50.0;116.93985795974731
../instances/S1/p37150/p37150-26.txt;LayeredSearch-2;10.0;10.0;10.0;Optimal;50.0;112.7425229549408
../instances/S1/p37150/p37150-26.txt;LayeredSearch-3;10.0;10.0;10.0;Optimal;49.0;120.93764090538025
../instances/S1/p37150/p37150-26.txt;LayeredSearch-4;10.0;10.0;10.0;Optimal;46.0;118.47925996780396
../instances/S1/p37150/p37150-27.txt;solveCPCP_D;12.000000000000002;13.0;13.0;UserLimit;69.0;300.0186140537262
../instances/S1/p37150/p37150-27.txt;SequentialSearch;12.0;12.0;12.0;Optimal;81.0;229.20392489433289
../instances/S1/p37150/p37150-27.txt;BinarySearch;12.0;12.0;12.0;Optimal;70.0;230.90255999565125
../instances/S1/p37150/p37150-27.txt;LayeredSearch-2;12.0;12.0;12.0;Optimal;54.0;227.4133279323578
../instances/S1/p37150/p37150-27.txt;LayeredSearch-3;12.0;12.0;12.0;Optimal;72.0;228.87565398216248
../instances/S1/p37150/p37150-27.txt;LayeredSearch-4;12.0;12.0;12.0;Optimal;72.0;222.5821430683136
../instances/S1/p37150/p37150-28.txt;solveCPCP_D;11.0;11.0;11.0;Optimal;63.0;21.078521013259888
../instances/S1/p37150/p37150-28.txt;SequentialSearch;10.0;63.0;10.0;UserLimit;63.0;300.18804001808167
../instances/S1/p37150/p37150-28.txt;BinarySearch;7.0;15.0;11.0;UserLimit;62.0;300.0190382003784
../instances/S1/p37150/p37150-28.txt;LayeredSearch-2;10.0;16.0;11.0;UserLimit;63.0;300.00331115722656
../instances/S1/p37150/p37150-28.txt;LayeredSearch-3;8.0;16.0;12.0;UserLimit;63.0;300.0045289993286
../instances/S1/p37150/p37150-28.txt;LayeredSearch-4;8.0;16.0;11.0;UserLimit;63.0;300.0033481121063
../instances/S1/p37150/p37150-29.txt;solveCPCP_D;10.0;10.0;10.0;Optimal;69.0;5.7004101276397705
../instances/S1/p37150/p37150-29.txt;SequentialSearch;10.0;10.0;10.0;Optimal;66.0;36.1643168926239
../instances/S1/p37150/p37150-29.txt;BinarySearch;10.0;10.0;10.0;Optimal;69.0;155.59228205680847
../instances/S1/p37150/p37150-29.txt;LayeredSearch-2;10.0;10.0;10.0;Optimal;69.0;106.89927792549133
../instances/S1/p37150/p37150-29.txt;LayeredSearch-3;10.0;10.0;10.0;Optimal;69.0;152.79204607009888
../instances/S1/p37150/p37150-29.txt;LayeredSearch-4;10.0;10.0;10.0;Optimal;69.0;137.710608959198
../instances/S1/p37150/p37150-30.txt;solveCPCP_D;10.0;11.0;11.0;UserLimit;57.0;300.01952600479126
../instances/S1/p37150/p37150-30.txt;SequentialSearch;10.0;10.0;10.0;Optimal;57.0;67.90612602233887
../instances/S1/p37150/p37150-30.txt;BinarySearch;10.0;10.0;10.0;Optimal;57.0;199.5939610004425
../instances/S1/p37150/p37150-30.txt;LayeredSearch-2;10.0;10.0;10.0;Optimal;54.0;63.45457696914673
../instances/S1/p37150/p37150-30.txt;LayeredSearch-3;10.0;10.0;10.0;Optimal;54.0;176.1418719291687
../instances/S1/p37150/p37150-30.txt;LayeredSearch-4;10.0;10.0;10.0;Optimal;57.0;175.7601568698883
../instances/S1/p40100/p40100-11.txt;solveCPCP_D;12.0;12.0;12.0;Optimal;55.0;5.836287021636963
../instances/S1/p40100/p40100-11.txt;SequentialSearch;12.0;12.0;12.0;Optimal;57.0;8.134407997131348
../instances/S1/p40100/p40100-11.txt;BinarySearch;0.0;32.0;16.0;UserLimit;65.0;300.18220496177673
../instances/S1/p40100/p40100-11.txt;LayeredSearch-2;8.0;56.0;16.0;UserLimit;56.0;300.00370502471924
../instances/S1/p40100/p40100-11.txt;LayeredSearch-3;0.0;65.0;16.0;UserLimit;65.0;300.00359177589417
../instances/S1/p40100/p40100-11.txt;LayeredSearch-4;0.0;65.0;23.0;UserLimit;65.0;300.0047788619995
../instances/S1/p40100/p40100-12.txt;solveCPCP_D;10.000000000000002;12.0;12.0;UserLimit;64.0;300.00839591026306
../instances/S1/p40100/p40100-12.txt;SequentialSearch;11.0;11.0;11.0;Optimal;64.0;24.529454946517944
../instances/S1/p40100/p40100-12.txt;BinarySearch;11.0;11.0;11.0;Optimal;64.0;26.231393814086914
../instances/S1/p40100/p40100-12.txt;LayeredSearch-2;11.0;11.0;11.0;Optimal;62.0;26.39779806137085
../instances/S1/p40100/p40100-12.txt;LayeredSearch-3;11.0;11.0;11.0;Optimal;63.0;24.205923080444336
../instances/S1/p40100/p40100-12.txt;LayeredSearch-4;11.0;11.0;11.0;Optimal;64.0;201.93286180496216
../instances/S1/p40100/p40100-13.txt;solveCPCP_D;12.0;12.0;12.0;Optimal;59.0;15.42101502418518
../instances/S1/p40100/p40100-13.txt;SequentialSearch;12.0;12.0;12.0;Optimal;59.0;13.886427164077759
../instances/S1/p40100/p40100-13.txt;BinarySearch;12.0;12.0;12.0;Optimal;59.0;18.707905054092407
../instances/S1/p40100/p40100-13.txt;LayeredSearch-2;12.0;12.0;12.0;Optimal;59.0;13.177926063537598
../instances/S1/p40100/p40100-13.txt;LayeredSearch-3;0.0;59.0;15.0;UserLimit;59.0;300.1863479614258
../instances/S1/p40100/p40100-13.txt;LayeredSearch-4;12.0;12.0;12.0;Optimal;51.0;72.35694408416748
../instances/S1/p40100/p40100-14.txt;solveCPCP_D;12.0;12.0;12.0;Optimal;65.0;12.749529838562012
../instances/S1/p40100/p40100-14.txt;SequentialSearch;12.0;12.0;12.0;Optimal;65.0;8.60825800895691
../instances/S1/p40100/p40100-14.txt;BinarySearch;12.0;12.0;12.0;Optimal;57.0;179.0217981338501
../instances/S1/p40100/p40100-14.txt;LayeredSearch-2;12.0;12.0;12.0;Optimal;61.0;11.623301982879639
../instances/S1/p40100/p40100-14.txt;LayeredSearch-3;12.0;12.0;12.0;Optimal;65.0;10.285135984420776
../instances/S1/p40100/p40100-14.txt;LayeredSearch-4;12.0;12.0;12.0;Optimal;65.0;185.6842200756073
../instances/S1/p40100/p40100-15.txt;solveCPCP_D;13.0;13.0;13.0;Optimal;51.0;4.7159929275512695
../instances/S1/p40100/p40100-15.txt;SequentialSearch;13.0;13.0;13.0;Optimal;66.0;9.013491153717041
../instances/S1/p40100/p40100-15.txt;BinarySearch;13.0;13.0;13.0;Optimal;77.0;83.80949306488037
../instances/S1/p40100/p40100-15.txt;LayeredSearch-2;8.0;62.0;16.0;UserLimit;62.0;300.1907000541687
../instances/S1/p40100/p40100-15.txt;LayeredSearch-3;0.0;64.0;16.0;UserLimit;64.0;300.0039048194885
../instances/S1/p40100/p40100-15.txt;LayeredSearch-4;13.0;13.0;13.0;Optimal;72.0;65.60610294342041
../instances/S1/p40100/p40100-16.txt;solveCPCP_D;13.0;14.0;14.0;UserLimit;50.0;300.0089211463928
../instances/S1/p40100/p40100-16.txt;SequentialSearch;13.0;13.0;13.0;Optimal;57.0;24.134748935699463
../instances/S1/p40100/p40100-16.txt;BinarySearch;13.0;13.0;13.0;Optimal;57.0;26.285274028778076
../instances/S1/p40100/p40100-16.txt;LayeredSearch-2;8.0;57.0;16.0;UserLimit;57.0;300.01315903663635
../instances/S1/p40100/p40100-16.txt;LayeredSearch-3;13.0;13.0;13.0;Optimal;50.0;27.350749015808105
../instances/S1/p40100/p40100-16.txt;LayeredSearch-4;8.0;21.0;16.0;UserLimit;57.0;300.0037930011749
../instances/S1/p40100/p40100-17.txt;solveCPCP_D;13.000000000000007;14.0;14.0;UserLimit;62.0;300.009596824646
../instances/S1/p40100/p40100-17.txt;SequentialSearch;14.0;14.0;14.0;Optimal;54.0;46.17561388015747
../instances/S1/p40100/p40100-17.txt;BinarySearch;12.0;25.0;18.0;UserLimit;51.0;300.0043008327484
../instances/S1/p40100/p40100-17.txt;LayeredSearch-2;14.0;14.0;14.0;Optimal;62.0;46.325896978378296
../instances/S1/p40100/p40100-17.txt;LayeredSearch-3;14.0;14.0;14.0;Optimal;57.0;84.30860185623169
../instances/S1/p40100/p40100-17.txt;LayeredSearch-4;0.0;55.0;20.0;UserLimit;55.0;300.00455117225647
../instances/S1/p40100/p40100-18.txt;solveCPCP_D;13.000000000000043;15.0;15.0;UserLimit;60.0;300.00931906700134
../instances/S1/p40100/p40100-18.txt;SequentialSearch;14.0;14.0;14.0;Optimal;65.0;10.343260049819946
../instances/S1/p40100/p40100-18.txt;BinarySearch;14.0;14.0;14.0;Optimal;63.0;20.74335789680481
../instances/S1/p40100/p40100-18.txt;LayeredSearch-2;14.0;14.0;14.0;Optimal;63.0;11.692990064620972
../instances/S1/p40100/p40100-18.txt;LayeredSearch-3;14.0;14.0;14.0;Optimal;65.0;12.14882493019104
../instances/S1/p40100/p40100-18.txt;LayeredSearch-4;0.0;65.0;23.0;UserLimit;65.0;300.0058979988098
../instances/S1/p40100/p40100-19.txt;solveCPCP_D;11.000000000000018;13.0;13.0;UserLimit;65.0;300.00905299186707
../instances/S1/p40100/p40100-19.txt;SequentialSearch;12.0;12.0;12.0;Optimal;65.0;22.906327962875366
../instances/S1/p40100/p40100-19.txt;BinarySearch;12.0;12.0;12.0;Optimal;65.0;36.29382014274597
../instances/S1/p40100/p40100-19.txt;LayeredSearch-2;12.0;12.0;12.0;Optimal;65.0;37.50904107093811
../instances/S1/p40100/p40100-19.txt;LayeredSearch-3;12.0;12.0;12.0;Optimal;65.0;37.188941955566406
../instances/S1/p40100/p40100-19.txt;LayeredSearch-4;12.0;12.0;12.0;Optimal;65.0;44.53925013542175
../instances/S1/p40100/p40100-20.txt;solveCPCP_D;14.0;14.0;14.0;Optimal;84.0;103.46445393562317
../instances/S1/p40100/p40100-20.txt;SequentialSearch;14.0;14.0;14.0;Optimal;84.0;8.046438932418823
../instances/S1/p40100/p40100-20.txt;BinarySearch;14.0;14.0;14.0;Optimal;84.0;28.39821195602417
../instances/S1/p40100/p40100-20.txt;LayeredSearch-2;14.0;14.0;14.0;Optimal;84.0;24.596805095672607
../instances/S1/p40100/p40100-20.txt;LayeredSearch-3;14.0;14.0;14.0;Optimal;84.0;40.60639500617981
../instances/S1/p40100/p40100-20.txt;LayeredSearch-4;14.0;14.0;14.0;Optimal;84.0;24.5691921710968
../instances/S1/p50150/p50150-21.txt;solveCPCP_D;10.0;11.0;11.0;UserLimit;67.0;300.0229170322418
../instances/S1/p50150/p50150-21.txt;SequentialSearch;11.0;11.0;11.0;Optimal;67.0;43.86453700065613
../instances/S1/p50150/p50150-21.txt;BinarySearch;8.0;16.0;12.0;UserLimit;67.0;300.00500988960266
../instances/S1/p50150/p50150-21.txt;LayeredSearch-2;11.0;11.0;11.0;Optimal;67.0;45.675312995910645
../instances/S1/p50150/p50150-21.txt;LayeredSearch-3;8.0;17.0;12.0;UserLimit;67.0;300.00453782081604
../instances/S1/p50150/p50150-21.txt;LayeredSearch-4;11.0;11.0;11.0;Optimal;63.0;41.25282382965088
../instances/S1/p50150/p50150-22.txt;solveCPCP_D;10.000000000000004;12.0;12.0;UserLimit;64.0;300.01888608932495
../instances/S1/p50150/p50150-22.txt;SequentialSearch;10.0;10.0;10.0;Optimal;75.0;20.21674609184265
../instances/S1/p50150/p50150-22.txt;BinarySearch;0.0;34.0;17.0;UserLimit;69.0;300.007040977478
../instances/S1/p50150/p50150-22.txt;LayeredSearch-2;10.0;10.0;10.0;Optimal;71.0;60.393272161483765
../instances/S1/p50150/p50150-22.txt;LayeredSearch-3;10.0;10.0;10.0;Optimal;64.0;92.5841920375824
../instances/S1/p50150/p50150-22.txt;LayeredSearch-4;10.0;10.0;10.0;Optimal;75.0;87.43907618522644
../instances/S1/p50150/p50150-23.txt;solveCPCP_D;9.000000000000004;13.0;13.0;UserLimit;55.0;300.01831102371216
../instances/S1/p50150/p50150-23.txt;SequentialSearch;11.0;11.0;11.0;Optimal;63.0;134.4993770122528
../instances/S1/p50150/p50150-23.txt;BinarySearch;0.0;31.0;15.0;UserLimit;63.0;300.00566506385803
../instances/S1/p50150/p50150-23.txt;LayeredSearch-2;8.0;63.0;16.0;UserLimit;63.0;300.0057590007782
../instances/S1/p50150/p50150-23.txt;LayeredSearch-3;0.0;59.0;15.0;UserLimit;59.0;300.00548696517944
../instances/S1/p50150/p50150-23.txt;LayeredSearch-4;8.0;23.0;16.0;UserLimit;63.0;300.00604701042175
../instances/S1/p50150/p50150-24.txt;solveCPCP_D;10.0;11.0;11.0;UserLimit;54.0;300.0189390182495
../instances/S1/p50150/p50150-24.txt;SequentialSearch;10.0;10.0;10.0;Optimal;54.0;150.83781003952026
../instances/S1/p50150/p50150-24.txt;BinarySearch;0.0;26.0;13.0;UserLimit;53.0;300.01730012893677
../instances/S1/p50150/p50150-24.txt;LayeredSearch-2;8.0;54.0;16.0;UserLimit;54.0;300.0063998699188
../instances/S1/p50150/p50150-24.txt;LayeredSearch-3;8.0;15.0;12.0;UserLimit;54.0;300.00380182266235
../instances/S1/p50150/p50150-24.txt;LayeredSearch-4;8.0;20.0;16.0;UserLimit;54.0;300.0066931247711
../instances/S1/p50150/p50150-25.txt;solveCPCP_D;9.0;10.0;10.0;UserLimit;64.0;300.01883006095886
../instances/S1/p50150/p50150-25.txt;SequentialSearch;8.0;64.0;8.0;UserLimit;64.0;300.01654982566833
../instances/S1/p50150/p50150-25.txt;BinarySearch;8.0;10.0;9.0;UserLimit;57.0;300.0044069290161
../instances/S1/p50150/p50150-25.txt;LayeredSearch-2;8.0;64.0;16.0;UserLimit;64.0;300.00607800483704
../instances/S1/p50150/p50150-25.txt;LayeredSearch-3;0.0;64.0;16.0;UserLimit;64.0;300.0066740512848
../instances/S1/p50150/p50150-25.txt;LayeredSearch-4;0.0;51.0;19.0;UserLimit;51.0;300.0084400177002
../instances/S1/p50150/p50150-26.txt;solveCPCP_D;9.0;9.0;9.0;Optimal;62.0;13.089303970336914
../instances/S1/p50150/p50150-26.txt;SequentialSearch;9.0;9.0;9.0;Optimal;62.0;54.0544970035553
../instances/S1/p50150/p50150-26.txt;BinarySearch;0.0;31.0;15.0;UserLimit;62.0;300.19161009788513
../instances/S1/p50150/p50150-26.txt;LayeredSearch-2;9.0;9.0;9.0;Optimal;61.0;84.4469039440155
../instances/S1/p50150/p50150-26.txt;LayeredSearch-3;9.0;9.0;9.0;Optimal;62.0;112.78736615180969
../instances/S1/p50150/p50150-26.txt;LayeredSearch-4;8.0;16.0;11.0;UserLimit;62.0;300.0049328804016
../instances/S1/p50150/p50150-27.txt;solveCPCP_D;11.000000000000002;12.0;12.0;UserLimit;72.0;300.02043986320496
../instances/S1/p50150/p50150-27.txt;SequentialSearch;12.0;12.0;12.0;Optimal;59.0;64.00894284248352
../instances/S1/p50150/p50150-27.txt;BinarySearch;0.0;29.0;14.0;UserLimit;59.0;300.00548911094666
../instances/S1/p50150/p50150-27.txt;LayeredSearch-2;8.0;59.0;16.0;UserLimit;59.0;300.00749015808105
../instances/S1/p50150/p50150-27.txt;LayeredSearch-3;0.0;59.0;15.0;UserLimit;59.0;300.00590085983276
../instances/S1/p50150/p50150-27.txt;LayeredSearch-4;8.0;23.0;16.0;UserLimit;63.0;300.00615191459656
../instances/S1/p50150/p50150-28.txt;solveCPCP_D;9.000000000000002;10.0;10.0;UserLimit;66.0;300.0195908546448
../instances/S1/p50150/p50150-28.txt;SequentialSearch;10.0;10.0;10.0;Optimal;68.0;44.9919650554657
../instances/S1/p50150/p50150-28.txt;BinarySearch;0.0;34.0;17.0;UserLimit;68.0;300.00709104537964
../instances/S1/p50150/p50150-28.txt;LayeredSearch-2;9.0;76.0;18.0;UserLimit;76.0;300.0074679851532
../instances/S1/p50150/p50150-28.txt;LayeredSearch-3;0.0;76.0;18.0;UserLimit;76.0;300.0079300403595
../instances/S1/p50150/p50150-28.txt;LayeredSearch-4;9.0;26.0;18.0;UserLimit;76.0;300.01974081993103
../instances/S1/p50150/p50150-29.txt;solveCPCP_D;9.0;9.0;9.0;Optimal;62.0;17.630724906921387
../instances/S1/p50150/p50150-29.txt;SequentialSearch;9.0;9.0;9.0;Optimal;62.0;20.860139846801758
../instances/S1/p50150/p50150-29.txt;BinarySearch;9.0;9.0;9.0;Optimal;62.0;76.1216938495636
../instances/S1/p50150/p50150-29.txt;LayeredSearch-2;8.0;62.0;16.0;UserLimit;62.0;300.2079219818115
../instances/S1/p50150/p50150-29.txt;LayeredSearch-3;0.0;62.0;16.0;UserLimit;62.0;300.0088288784027
../instances/S1/p50150/p50150-29.txt;LayeredSearch-4;8.0;22.0;16.0;UserLimit;62.0;300.01843881607056
../instances/S1/p50150/p50150-30.txt;solveCPCP_D;9.0;9.0;9.0;Optimal;65.0;15.361111879348755
../instances/S1/p50150/p50150-30.txt;SequentialSearch;9.0;9.0;9.0;Optimal;68.0;36.835171937942505
../instances/S1/p50150/p50150-30.txt;BinarySearch;8.0;12.0;10.0;UserLimit;64.0;300.21063899993896
../instances/S1/p50150/p50150-30.txt;LayeredSearch-2;9.0;9.0;9.0;Optimal;67.0;42.28438901901245
../instances/S1/p50150/p50150-30.txt;LayeredSearch-3;0.0;69.0;17.0;UserLimit;69.0;300.00623297691345
../instances/S1/p50150/p50150-30.txt;LayeredSearch-4;8.0;16.0;11.0;UserLimit;55.0;300.00477409362793
../instances/S1/p50200/p50200-31.txt;solveCPCP_D;8.000000000000002;10.0;10.0;UserLimit;53.0;300.03701400756836
../instances/S1/p50200/p50200-31.txt;SequentialSearch;8.0;51.0;8.0;UserLimit;51.0;300.0053360462189
../instances/S1/p50200/p50200-31.txt;BinarySearch;0.0;26.0;13.0;UserLimit;53.0;300.0072250366211
../instances/S1/p50200/p50200-31.txt;LayeredSearch-2;8.0;16.0;9.0;UserLimit;53.0;300.00521898269653
../instances/S1/p50200/p50200-31.txt;LayeredSearch-3;8.0;14.0;12.0;UserLimit;53.0;300.0068030357361
../instances/S1/p50200/p50200-31.txt;LayeredSearch-4;7.0;14.0;10.0;UserLimit;46.0;300.0376720428467
../instances/S1/p50200/p50200-32.txt;solveCPCP_D;9.000000000000004;16.0;16.0;UserLimit;68.0;300.0358259677887
../instances/S1/p50200/p50200-32.txt;SequentialSearch;8.0;69.0;8.0;UserLimit;69.0;300.0058238506317
../instances/S1/p50200/p50200-32.txt;BinarySearch;0.0;34.0;17.0;UserLimit;69.0;300.01160502433777
../instances/S1/p50200/p50200-32.txt;LayeredSearch-2;8.0;63.0;16.0;UserLimit;63.0;300.01073598861694
../instances/S1/p50200/p50200-32.txt;LayeredSearch-3;0.0;69.0;17.0;UserLimit;69.0;300.0179738998413
../instances/S1/p50200/p50200-32.txt;LayeredSearch-4;0.0;24.0;9.0;UserLimit;69.0;300.0183961391449
../instances/S1/p50200/p50200-33.txt;solveCPCP_D;8.000000000000004;12.0;12.0;UserLimit;68.0;300.0387740135193
../instances/S1/p50200/p50200-33.txt;SequentialSearch;7.0;60.0;7.0;UserLimit;60.0;300.0057029724121
../instances/S1/p50200/p50200-33.txt;BinarySearch;0.0;29.0;14.0;UserLimit;58.0;300.0102319717407
../instances/S1/p50200/p50200-33.txt;LayeredSearch-2;0.0;60.0;8.0;UserLimit;60.0;300.00582003593445
../instances/S1/p50200/p50200-33.txt;LayeredSearch-3;0.0;60.0;16.0;UserLimit;60.0;300.01776790618896
../instances/S1/p50200/p50200-33.txt;LayeredSearch-4;0.0;22.0;8.0;UserLimit;60.0;300.03969407081604
../instances/S1/p50200/p50200-34.txt;solveCPCP_D;10.000000000000002;14.0;14.0;UserLimit;64.0;300.038724899292
../instances/S1/p50200/p50200-34.txt;SequentialSearch;7.0;61.0;7.0;UserLimit;61.0;300.00563192367554
../instances/S1/p50200/p50200-34.txt;BinarySearch;0.0;16.0;8.0;UserLimit;66.0;300.00539994239807
../instances/S1/p50200/p50200-34.txt;LayeredSearch-2;0.0;55.0;8.0;UserLimit;55.0;300.00654196739197
../instances/S1/p50200/p50200-34.txt;LayeredSearch-3;4.0;16.0;8.0;UserLimit;61.0;300.0194089412689
../instances/S1/p50200/p50200-34.txt;LayeredSearch-4;0.0;23.0;8.0;UserLimit;66.0;300.00535893440247
../instances/S1/p50200/p50200-35.txt;solveCPCP_D;9.000000000000002;12.0;12.0;UserLimit;59.0;300.0401167869568
../instances/S1/p50200/p50200-35.txt;SequentialSearch;7.0;58.0;7.0;UserLimit;58.0;300.0057818889618
../instances/S1/p50200/p50200-35.txt;BinarySearch;0.0;30.0;15.0;UserLimit;60.0;300.00953698158264
../instances/S1/p50200/p50200-35.txt;LayeredSearch-2;0.0;58.0;8.0;UserLimit;58.0;300.0065858364105
../instances/S1/p50200/p50200-35.txt;LayeredSearch-3;0.0;60.0;16.0;UserLimit;60.0;300.0158009529114
../instances/S1/p50200/p50200-35.txt;LayeredSearch-4;0.0;22.0;8.0;UserLimit;60.0;300.0448091030121
../instances/S1/p50200/p50200-36.txt;solveCPCP_D;9.0;11.0;11.0;UserLimit;65.0;300.0340051651001
../instances/S1/p50200/p50200-36.txt;SequentialSearch;9.0;9.0;9.0;Optimal;66.0;188.79519605636597
../instances/S1/p50200/p50200-36.txt;BinarySearch;9.0;9.0;9.0;Optimal;74.0;210.0831220149994
../instances/S1/p50200/p50200-36.txt;LayeredSearch-2;9.0;9.0;9.0;Optimal;74.0;198.1184380054474
../instances/S1/p50200/p50200-36.txt;LayeredSearch-3;6.0;10.0;7.0;UserLimit;74.0;300.0046410560608
../instances/S1/p50200/p50200-36.txt;LayeredSearch-4;9.0;9.0;9.0;Optimal;73.0;202.34601092338562
../instances/S1/p50200/p50200-37.txt;solveCPCP_D;9.0;10.0;10.0;UserLimit;72.0;300.0577290058136
../instances/S1/p50200/p50200-37.txt;SequentialSearch;8.0;82.0;8.0;UserLimit;82.0;300.01934599876404
../instances/S1/p50200/p50200-37.txt;BinarySearch;8.0;17.0;12.0;UserLimit;71.0;300.0070478916168
../instances/S1/p50200/p50200-37.txt;LayeredSearch-2;0.0;82.0;9.0;UserLimit;82.0;300.00836396217346
../instances/S1/p50200/p50200-37.txt;LayeredSearch-3;5.0;19.0;10.0;UserLimit;82.0;300.0060520172119
../instances/S1/p50200/p50200-37.txt;LayeredSearch-4;0.0;26.0;9.0;UserLimit;78.0;300.0055341720581
../instances/S1/p50200/p50200-38.txt;solveCPCP_D;9.000000000000004;11.0;11.0;UserLimit;68.0;300.03727412223816
../instances/S1/p50200/p50200-38.txt;SequentialSearch;8.0;68.0;8.0;UserLimit;68.0;300.00686287879944
../instances/S1/p50200/p50200-38.txt;BinarySearch;8.0;17.0;12.0;UserLimit;68.0;300.0079491138458
../instances/S1/p50200/p50200-38.txt;LayeredSearch-2;8.0;16.0;9.0;UserLimit;63.0;300.0267119407654
../instances/S1/p50200/p50200-38.txt;LayeredSearch-3;8.0;16.0;12.0;UserLimit;63.0;300.00772404670715
../instances/S1/p50200/p50200-38.txt;LayeredSearch-4;8.0;16.0;11.0;UserLimit;65.0;300.0071189403534
../instances/S1/p50200/p50200-39.txt;solveCPCP_D;8.000000000000002;10.0;10.0;UserLimit;62.0;300.0353801250458
../instances/S1/p50200/p50200-39.txt;SequentialSearch;8.0;62.0;8.0;UserLimit;62.0;300.00603199005127
../instances/S1/p50200/p50200-39.txt;BinarySearch;7.0;15.0;11.0;UserLimit;62.0;300.02197885513306
../instances/S1/p50200/p50200-39.txt;LayeredSearch-2;8.0;62.0;16.0;UserLimit;62.0;300.0225260257721
../instances/S1/p50200/p50200-39.txt;LayeredSearch-3;0.0;62.0;16.0;UserLimit;62.0;300.01127314567566
../instances/S1/p50200/p50200-39.txt;LayeredSearch-4;8.0;22.0;16.0;UserLimit;62.0;300.0120620727539
../instances/S1/p50200/p50200-40.txt;solveCPCP_D;9.0;12.0;12.0;UserLimit;60.0;300.0392668247223
../instances/S1/p50200/p50200-40.txt;SequentialSearch;7.0;60.0;7.0;UserLimit;60.0;300.15805101394653
../instances/S1/p50200/p50200-40.txt;BinarySearch;7.0;15.0;11.0;UserLimit;60.0;300.00559401512146
../instances/S1/p50200/p50200-40.txt;LayeredSearch-2;0.0;59.0;8.0;UserLimit;59.0;300.0543119907379
../instances/S1/p50200/p50200-40.txt;LayeredSearch-3;4.0;16.0;8.0;UserLimit;60.0;300.0051701068878
../instances/S1/p50200/p50200-40.txt;LayeredSearch-4;0.0;22.0;8.0;UserLimit;60.0;300.00544691085815
../instances/S1/p550/p550-1.txt;solveCPCP_D;29.0;29.0;29.0;Optimal;54.0;0.7867960929870605
../instances/S1/p550/p550-1.txt;SequentialSearch;29.0;29.0;29.0;Optimal;43.0;3.1907830238342285
../instances/S1/p550/p550-1.txt;BinarySearch;29.0;29.0;29.0;Optimal;50.0;2.1077749729156494
../instances/S1/p550/p550-1.txt;LayeredSearch-2;29.0;29.0;29.0;Optimal;51.0;2.2695651054382324
../instances/S1/p550/p550-1.txt;LayeredSearch-3;29.0;29.0;29.0;Optimal;49.0;2.0905981063842773
../instances/S1/p550/p550-1.txt;LayeredSearch-4;29.0;29.0;29.0;Optimal;49.0;2.078571081161499
../instances/S1/p550/p550-10.txt;solveCPCP_D;32.0;32.0;32.0;Optimal;47.0;0.9354250431060791
../instances/S1/p550/p550-10.txt;SequentialSearch;32.0;32.0;32.0;Optimal;44.0;3.38818097114563
../instances/S1/p550/p550-10.txt;BinarySearch;32.0;32.0;32.0;Optimal;50.0;2.517956018447876
../instances/S1/p550/p550-10.txt;LayeredSearch-2;32.0;32.0;32.0;Optimal;47.0;2.260672092437744
../instances/S1/p550/p550-10.txt;LayeredSearch-3;32.0;32.0;32.0;Optimal;41.0;2.1983590126037598
../instances/S1/p550/p550-10.txt;LayeredSearch-4;32.0;32.0;32.0;Optimal;47.0;2.335052013397217
../instances/S1/p550/p550-2.txt;solveCPCP_D;33.0;33.0;33.0;Optimal;51.0;0.5976409912109375
../instances/S1/p550/p550-2.txt;SequentialSearch;33.0;33.0;33.0;Optimal;43.0;3.424989938735962
../instances/S1/p550/p550-2.txt;BinarySearch;33.0;33.0;33.0;Optimal;40.0;1.9895470142364502
../instances/S1/p550/p550-2.txt;LayeredSearch-2;33.0;33.0;33.0;Optimal;46.0;1.981260061264038
../instances/S1/p550/p550-2.txt;LayeredSearch-3;33.0;33.0;33.0;Optimal;43.0;2.3621950149536133
../instances/S1/p550/p550-2.txt;LayeredSearch-4;33.0;33.0;33.0;Optimal;48.0;1.8537919521331787
../instances/S1/p550/p550-3.txt;solveCPCP_D;26.0;26.0;26.0;Optimal;51.0;0.8262119293212891
../instances/S1/p550/p550-3.txt;SequentialSearch;26.0;26.0;26.0;Optimal;53.0;2.581403970718384
../instances/S1/p550/p550-3.txt;BinarySearch;26.0;26.0;26.0;Optimal;53.0;1.633040189743042
../instances/S1/p550/p550-3.txt;LayeredSearch-2;26.0;26.0;26.0;Optimal;51.0;1.8604400157928467
../instances/S1/p550/p550-3.txt;LayeredSearch-3;26.0;26.0;26.0;Optimal;52.0;1.6067759990692139
../instances/S1/p550/p550-3.txt;LayeredSearch-4;26.0;26.0;26.0;Optimal;55.0;1.5042369365692139
../instances/S1/p550/p550-4.txt;solveCPCP_D;32.0;32.0;32.0;Optimal;51.0;0.7462019920349121
../instances/S1/p550/p550-4.txt;SequentialSearch;32.0;32.0;32.0;Optimal;52.0;2.937074899673462
../instances/S1/p550/p550-4.txt;BinarySearch;32.0;32.0;32.0;Optimal;52.0;1.610658884048462
../instances/S1/p550/p550-4.txt;LayeredSearch-2;32.0;32.0;32.0;Optimal;49.0;2.0505847930908203
../instances/S1/p550/p550-4.txt;LayeredSearch-3;32.0;32.0;32.0;Optimal;49.0;1.5547740459442139
../instances/S1/p550/p550-4.txt;LayeredSearch-4;32.0;32.0;32.0;Optimal;48.0;1.74778413772583
../instances/S1/p550/p550-5.txt;solveCPCP_D;29.0;29.0;29.0;Optimal;41.0;0.9164021015167236
../instances/S1/p550/p550-5.txt;SequentialSearch;29.0;29.0;29.0;Optimal;46.0;3.540327787399292
../instances/S1/p550/p550-5.txt;BinarySearch;29.0;29.0;29.0;Optimal;47.0;2.55692720413208
../instances/S1/p550/p550-5.txt;LayeredSearch-2;29.0;29.0;29.0;Optimal;43.0;2.752748966217041
../instances/S1/p550/p550-5.txt;LayeredSearch-3;29.0;29.0;29.0;Optimal;45.0;2.205886125564575
../instances/S1/p550/p550-5.txt;LayeredSearch-4;29.0;29.0;29.0;Optimal;46.0;2.10904598236084
../instances/S1/p550/p550-6.txt;solveCPCP_D;31.0;31.0;31.0;Optimal;55.0;2.163640022277832
../instances/S1/p550/p550-6.txt;SequentialSearch;31.0;31.0;31.0;Optimal;48.0;3.866089105606079
../instances/S1/p550/p550-6.txt;BinarySearch;31.0;31.0;31.0;Optimal;41.0;2.7072060108184814
../instances/S1/p550/p550-6.txt;LayeredSearch-2;31.0;31.0;31.0;Optimal;51.0;2.4979851245880127
../instances/S1/p550/p550-6.txt;LayeredSearch-3;31.0;31.0;31.0;Optimal;55.0;2.2265779972076416
../instances/S1/p550/p550-6.txt;LayeredSearch-4;31.0;31.0;31.0;Optimal;51.0;2.6735382080078125
../instances/S1/p550/p550-7.txt;solveCPCP_D;30.0;30.0;30.0;Optimal;45.0;0.7842428684234619
../instances/S1/p550/p550-7.txt;SequentialSearch;30.0;30.0;30.0;Optimal;41.0;3.325984001159668
../instances/S1/p550/p550-7.txt;BinarySearch;30.0;30.0;30.0;Optimal;44.0;1.901979923248291
../instances/S1/p550/p550-7.txt;LayeredSearch-2;30.0;30.0;30.0;Optimal;44.0;1.8807711601257324
../instances/S1/p550/p550-7.txt;LayeredSearch-3;30.0;30.0;30.0;Optimal;45.0;1.9439101219177246
../instances/S1/p550/p550-7.txt;LayeredSearch-4;30.0;30.0;30.0;Optimal;44.0;2.11181902885437
../instances/S1/p550/p550-8.txt;solveCPCP_D;31.0;31.0;31.0;Optimal;45.0;1.1170120239257812
../instances/S1/p550/p550-8.txt;SequentialSearch;31.0;31.0;31.0;Optimal;50.0;3.260982036590576
../instances/S1/p550/p550-8.txt;BinarySearch;31.0;31.0;31.0;Optimal;51.0;2.089431047439575
../instances/S1/p550/p550-8.txt;LayeredSearch-2;31.0;31.0;31.0;Optimal;46.0;2.334808826446533
../instances/S1/p550/p550-8.txt;LayeredSearch-3;31.0;31.0;31.0;Optimal;50.0;2.1100571155548096
../instances/S1/p550/p550-8.txt;LayeredSearch-4;31.0;31.0;31.0;Optimal;42.0;2.055119037628174
../instances/S1/p550/p550-9.txt;solveCPCP_D;28.0;28.0;28.0;Optimal;42.0;0.8647491931915283
../instances/S1/p550/p550-9.txt;SequentialSearch;28.0;28.0;28.0;Optimal;45.0;3.274496078491211
../instances/S1/p550/p550-9.txt;BinarySearch;28.0;28.0;28.0;Optimal;43.0;2.0621650218963623
../instances/S1/p550/p550-9.txt;LayeredSearch-2;28.0;28.0;28.0;Optimal;47.0;2.1987500190734863
../instances/S1/p550/p550-9.txt;LayeredSearch-3;28.0;28.0;28.0;Optimal;48.0;1.8324470520019531
../instances/S1/p550/p550-9.txt;LayeredSearch-4;28.0;28.0;28.0;Optimal;46.0;2.1263248920440674
../instances/S1/p60150/p60150-21.txt;solveCPCP_D;10.000000000000002;11.0;11.0;UserLimit;70.0;300.0186538696289
../instances/S1/p60150/p60150-21.txt;SequentialSearch;11.0;11.0;11.0;Optimal;61.0;27.624372959136963
../instances/S1/p60150/p60150-21.txt;BinarySearch;0.0;72.0;36.0;UserLimit;72.0;300.01640701293945
../instances/S1/p60150/p60150-21.txt;LayeredSearch-2;9.0;72.0;18.0;UserLimit;72.0;300.00709295272827
../instances/S1/p60150/p60150-21.txt;LayeredSearch-3;0.0;72.0;18.0;UserLimit;72.0;300.0065529346466
../instances/S1/p60150/p60150-21.txt;LayeredSearch-4;0.0;72.0;25.0;UserLimit;72.0;300.01697611808777
../instances/S1/p60150/p60150-22.txt;solveCPCP_D;11.000000000000002;14.0;14.0;UserLimit;69.0;300.0192868709564
../instances/S1/p60150/p60150-22.txt;SequentialSearch;12.0;12.0;12.0;Optimal;69.0;55.959925174713135
../instances/S1/p60150/p60150-22.txt;BinarySearch;12.0;12.0;12.0;Optimal;69.0;93.6629409790039
../instances/S1/p60150/p60150-22.txt;LayeredSearch-2;12.0;12.0;12.0;Optimal;69.0;57.18989706039429
../instances/S1/p60150/p60150-22.txt;LayeredSearch-3;12.0;12.0;12.0;Optimal;69.0;88.82248592376709
../instances/S1/p60150/p60150-22.txt;LayeredSearch-4;12.0;12.0;12.0;Optimal;65.0;240.88982510566711
../instances/S1/p60150/p60150-23.txt;solveCPCP_D;11.0;11.0;11.0;Optimal;50.0;12.580414056777954
../instances/S1/p60150/p60150-23.txt;SequentialSearch;11.0;11.0;11.0;Optimal;50.0;86.99121022224426
../instances/S1/p60150/p60150-23.txt;BinarySearch;11.0;11.0;11.0;Optimal;50.0;223.36154890060425
../instances/S1/p60150/p60150-23.txt;LayeredSearch-2;11.0;11.0;11.0;Optimal;49.0;168.98724484443665
../instances/S1/p60150/p60150-23.txt;LayeredSearch-3;11.0;11.0;11.0;Optimal;50.0;190.5757761001587
../instances/S1/p60150/p60150-23.txt;LayeredSearch-4;0.0;50.0;19.0;UserLimit;50.0;300.5955741405487
../instances/S1/p60150/p60150-24.txt;solveCPCP_D;9.000000000000002;10.0;10.0;UserLimit;62.0;300.01887798309326
../instances/S1/p60150/p60150-24.txt;SequentialSearch;9.0;9.0;9.0;Optimal;80.0;28.926321983337402
../instances/S1/p60150/p60150-24.txt;BinarySearch;0.0;38.0;19.0;UserLimit;76.0;300.0084879398346
../instances/S1/p60150/p60150-24.txt;LayeredSearch-2;9.0;9.0;9.0;Optimal;80.0;30.61737608909607
../instances/S1/p60150/p60150-24.txt;LayeredSearch-3;0.0;80.0;19.0;UserLimit;80.0;300.0078191757202
../instances/S1/p60150/p60150-24.txt;LayeredSearch-4;0.0;61.0;22.0;UserLimit;61.0;300.0097448825836
../instances/S1/p60150/p60150-25.txt;solveCPCP_D;9.0;9.0;9.0;Optimal;82.0;11.002701044082642
../instances/S1/p60150/p60150-25.txt;SequentialSearch;9.0;9.0;9.0;Optimal;82.0;39.7946879863739
../instances/S1/p60150/p60150-25.txt;BinarySearch;0.0;41.0;20.0;UserLimit;82.0;300.1852550506592
../instances/S1/p60150/p60150-25.txt;LayeredSearch-2;9.0;9.0;9.0;Optimal;82.0;38.12703990936279
../instances/S1/p60150/p60150-25.txt;LayeredSearch-3;0.0;82.0;19.0;UserLimit;82.0;300.0074818134308
../instances/S1/p60150/p60150-25.txt;LayeredSearch-4;9.0;9.0;9.0;Optimal;82.0;121.00271892547607
../instances/S1/p60150/p60150-26.txt;solveCPCP_D;9.0;10.0;10.0;UserLimit;53.0;300.018835067749
../instances/S1/p60150/p60150-26.txt;SequentialSearch;8.0;50.0;8.0;UserLimit;50.0;300.00439405441284
../instances/S1/p60150/p60150-26.txt;BinarySearch;0.0;53.0;26.0;UserLimit;53.0;300.01327300071716
../instances/S1/p60150/p60150-26.txt;LayeredSearch-2;8.0;53.0;16.0;UserLimit;53.0;300.00607919692993
../instances/S1/p60150/p60150-26.txt;LayeredSearch-3;0.0;53.0;14.0;UserLimit;53.0;300.0053708553314
../instances/S1/p60150/p60150-26.txt;LayeredSearch-4;0.0;53.0;20.0;UserLimit;53.0;300.0092089176178
../instances/S1/p60150/p60150-27.txt;solveCPCP_D;12.000000000000009;16.0;16.0;UserLimit;72.0;300.01976704597473
../instances/S1/p60150/p60150-27.txt;SequentialSearch;13.0;72.0;13.0;UserLimit;72.0;300.0054380893707
../instances/S1/p60150/p60150-27.txt;BinarySearch;0.0;36.0;18.0;UserLimit;72.0;300.00671792030334
../instances/S1/p60150/p60150-27.txt;LayeredSearch-2;9.0;69.0;18.0;UserLimit;69.0;300.0064980983734
../instances/S1/p60150/p60150-27.txt;LayeredSearch-3;0.0;72.0;18.0;UserLimit;72.0;300.00734210014343
../instances/S1/p60150/p60150-27.txt;LayeredSearch-4;0.0;63.0;23.0;UserLimit;63.0;300.00934386253357
../instances/S1/p60150/p60150-28.txt;solveCPCP_D;9.0;10.0;10.0;UserLimit;77.0;300.0185079574585
../instances/S1/p60150/p60150-28.txt;SequentialSearch;9.0;77.0;9.0;UserLimit;77.0;300.00447702407837
../instances/S1/p60150/p60150-28.txt;BinarySearch;0.0;37.0;18.0;UserLimit;75.0;300.006737947464
../instances/S1/p60150/p60150-28.txt;LayeredSearch-2;9.0;77.0;18.0;UserLimit;77.0;300.0071301460266
../instances/S1/p60150/p60150-28.txt;LayeredSearch-3;0.0;64.0;16.0;UserLimit;64.0;300.0058720111847
../instances/S1/p60150/p60150-28.txt;LayeredSearch-4;0.0;77.0;26.0;UserLimit;77.0;300.01722717285156
../instances/S1/p60150/p60150-29.txt;solveCPCP_D;9.0;9.0;9.0;Optimal;77.0;4.330739974975586
../instances/S1/p60150/p60150-29.txt;SequentialSearch;9.0;9.0;9.0;Optimal;77.0;19.235317945480347
../instances/S1/p60150/p60150-29.txt;BinarySearch;9.0;9.0;9.0;Optimal;64.0;180.3158779144287
../instances/S1/p60150/p60150-29.txt;LayeredSearch-2;9.0;9.0;9.0;Optimal;73.0;19.384467124938965
../instances/S1/p60150/p60150-29.txt;LayeredSearch-3;0.0;70.0;17.0;UserLimit;70.0;300.185791015625
../instances/S1/p60150/p60150-29.txt;LayeredSearch-4;9.0;9.0;9.0;Optimal;77.0;48.81138491630554
../instances/S1/p60150/p60150-30.txt;solveCPCP_D;8.0;9.0;9.0;UserLimit;66.0;300.01842308044434
../instances/S1/p60150/p60150-30.txt;SequentialSearch;9.0;9.0;9.0;Optimal;66.0;23.700700998306274
../instances/S1/p60150/p60150-30.txt;BinarySearch;9.0;9.0;9.0;Optimal;64.0;295.55961298942566
../instances/S1/p60150/p60150-30.txt;LayeredSearch-2;9.0;9.0;9.0;Optimal;66.0;18.68246603012085
../instances/S1/p60150/p60150-30.txt;LayeredSearch-3;9.0;9.0;9.0;Optimal;66.0;258.29226303100586
../instances/S1/p60150/p60150-30.txt;LayeredSearch-4;9.0;9.0;9.0;Optimal;66.0;262.80023217201233
../instances/S1/p66200/p66200-31.txt;solveCPCP_D;8.0;8.0;8.0;Optimal;61.0;10.725067138671875
../instances/S1/p66200/p66200-31.txt;SequentialSearch;8.0;8.0;8.0;Optimal;61.0;69.7288110256195
../instances/S1/p66200/p66200-31.txt;BinarySearch;0.0;30.0;15.0;UserLimit;61.0;300.18827414512634
../instances/S1/p66200/p66200-31.txt;LayeredSearch-2;8.0;8.0;8.0;Optimal;61.0;72.67227697372437
../instances/S1/p66200/p66200-31.txt;LayeredSearch-3;8.0;8.0;8.0;Optimal;61.0;72.5368721485138
../instances/S1/p66200/p66200-31.txt;LayeredSearch-4;8.0;8.0;8.0;Optimal;61.0;84.49389410018921
../instances/S1/p66200/p66200-32.txt;solveCPCP_D;9.000000000000002;14.0;14.0;UserLimit;68.0;300.0339500904083
../instances/S1/p66200/p66200-32.txt;SequentialSearch;8.0;63.0;8.0;UserLimit;63.0;300.00459909439087
../instances/S1/p66200/p66200-32.txt;BinarySearch;0.0;34.0;17.0;UserLimit;68.0;300.011029958725
../instances/S1/p66200/p66200-32.txt;LayeredSearch-2;0.0;68.0;9.0;UserLimit;68.0;300.00548100471497
../instances/S1/p66200/p66200-32.txt;LayeredSearch-3;0.0;59.0;15.0;UserLimit;59.0;300.00938296318054
../instances/S1/p66200/p66200-32.txt;LayeredSearch-4;0.0;68.0;24.0;UserLimit;68.0;300.0232038497925
../instances/S1/p66200/p66200-33.txt;solveCPCP_D;8.0;10.0;10.0;UserLimit;60.0;300.0350339412689
../instances/S1/p66200/p66200-33.txt;SequentialSearch;8.0;8.0;8.0;Optimal;60.0;186.70756316184998
../instances/S1/p66200/p66200-33.txt;BinarySearch;0.0;30.0;15.0;UserLimit;60.0;300.0103180408478
../instances/S1/p66200/p66200-33.txt;LayeredSearch-2;8.0;8.0;8.0;Optimal;60.0;189.11433506011963
../instances/S1/p66200/p66200-33.txt;LayeredSearch-3;0.0;60.0;16.0;UserLimit;60.0;300.016793012619
../instances/S1/p66200/p66200-33.txt;LayeredSearch-4;8.0;8.0;8.0;Optimal;57.0;202.86269283294678
../instances/S1/p66200/p66200-34.txt;solveCPCP_D;9.000000000000012;14.0;14.0;UserLimit;67.0;300.0346429347992
../instances/S1/p66200/p66200-34.txt;SequentialSearch;8.0;70.0;8.0;UserLimit;70.0;300.0058410167694
../instances/S1/p66200/p66200-34.txt;BinarySearch;0.0;35.0;17.0;UserLimit;70.0;300.0106689929962
../instances/S1/p66200/p66200-34.txt;LayeredSearch-2;0.0;70.0;9.0;UserLimit;70.0;300.01319694519043
../instances/S1/p66200/p66200-34.txt;LayeredSearch-3;0.0;70.0;17.0;UserLimit;70.0;300.2375888824463
../instances/S1/p66200/p66200-34.txt;LayeredSearch-4;0.0;24.0;9.0;UserLimit;70.0;300.00539803504944
../instances/S1/p66200/p66200-35.txt;solveCPCP_D;8.0;10.0;10.0;UserLimit;62.0;300.03362488746643
../instances/S1/p66200/p66200-35.txt;SequentialSearch;8.0;8.0;8.0;Optimal;70.0;61.464020013809204
../instances/S1/p66200/p66200-35.txt;BinarySearch;0.0;35.0;17.0;UserLimit;70.0;300.0117700099945
../instances/S1/p66200/p66200-35.txt;LayeredSearch-2;8.0;8.0;8.0;Optimal;70.0;101.73631811141968
../instances/S1/p66200/p66200-35.txt;LayeredSearch-3;0.0;70.0;17.0;UserLimit;70.0;300.01993799209595
../instances/S1/p66200/p66200-35.txt;LayeredSearch-4;8.0;8.0;8.0;Optimal;70.0;112.16926193237305
../instances/S1/p66200/p66200-36.txt;solveCPCP_D;8.000000000000002;10.0;10.0;UserLimit;59.0;300.0360231399536
../instances/S1/p66200/p66200-36.txt;SequentialSearch;6.0;59.0;6.0;UserLimit;59.0;300.00530791282654
../instances/S1/p66200/p66200-36.txt;BinarySearch;0.0;29.0;14.0;UserLimit;59.0;300.009565114975
../instances/S1/p66200/p66200-36.txt;LayeredSearch-2;6.0;8.0;7.0;UserLimit;59.0;300.0142798423767
../instances/S1/p66200/p66200-36.txt;LayeredSearch-3;0.0;59.0;15.0;UserLimit;59.0;300.0100450515747
../instances/S1/p66200/p66200-36.txt;LayeredSearch-4;6.0;8.0;7.0;UserLimit;59.0;300.00518107414246
../instances/S1/p80200/p80200-31.txt;solveCPCP_D;8.0;8.0;8.0;Optimal;64.0;49.004448890686035
../instances/S1/p80200/p80200-31.txt;SequentialSearch;8.0;8.0;8.0;Optimal;64.0;28.961733102798462
../instances/S1/p80200/p80200-31.txt;BinarySearch;0.0;32.0;16.0;UserLimit;64.0;300.19947600364685
../instances/S1/p80200/p80200-31.txt;LayeredSearch-2;8.0;8.0;8.0;Optimal;63.0;29.372183084487915
../instances/S1/p80200/p80200-31.txt;LayeredSearch-3;0.0;64.0;16.0;UserLimit;64.0;300.0094738006592
../instances/S1/p80200/p80200-31.txt;LayeredSearch-4;8.0;8.0;8.0;Optimal;64.0;29.45939016342163
../instances/S1/p80200/p80200-32.txt;solveCPCP_D;11.000000000000002;26.0;26.0;UserLimit;88.0;300.0350160598755
../instances/S1/p80200/p80200-32.txt;SequentialSearch;9.0;88.0;9.0;UserLimit;88.0;300.0060918331146
../instances/S1/p80200/p80200-32.txt;BinarySearch;0.0;44.0;22.0;UserLimit;88.0;300.01592993736267
../instances/S1/p80200/p80200-32.txt;LayeredSearch-2;0.0;88.0;10.0;UserLimit;88.0;300.0136671066284
../instances/S1/p80200/p80200-32.txt;LayeredSearch-3;0.0;88.0;20.0;UserLimit;88.0;300.0188789367676
../instances/S1/p80200/p80200-32.txt;LayeredSearch-4;0.0;29.0;10.0;UserLimit;88.0;300.0061869621277
../instances/S1/p80200/p80200-33.txt;solveCPCP_D;8.000000000000002;9.0;9.0;UserLimit;57.0;300.0347819328308
../instances/S1/p80200/p80200-33.txt;SequentialSearch;7.0;57.0;7.0;UserLimit;57.0;300.00552201271057
../instances/S1/p80200/p80200-33.txt;BinarySearch;0.0;28.0;14.0;UserLimit;57.0;300.00866198539734
../instances/S1/p80200/p80200-33.txt;LayeredSearch-2;0.0;57.0;8.0;UserLimit;57.0;300.0049149990082
../instances/S1/p80200/p80200-33.txt;LayeredSearch-3;0.0;57.0;15.0;UserLimit;57.0;300.3691689968109
../instances/S1/p80200/p80200-33.txt;LayeredSearch-4;0.0;52.0;20.0;UserLimit;52.0;300.1672489643097
../instances/S1/p80200/p80200-34.txt;solveCPCP_D;11.0000000000001;12.0;12.0;UserLimit;89.0;300.0346620082855
../instances/S1/p80200/p80200-34.txt;SequentialSearch;12.0;12.0;12.0;Optimal;89.0;84.79079794883728
../instances/S1/p80200/p80200-34.txt;BinarySearch;0.0;44.0;22.0;UserLimit;89.0;300.01654386520386
../instances/S1/p80200/p80200-34.txt;LayeredSearch-2;10.0;89.0;20.0;UserLimit;89.0;300.0134370326996
../instances/S1/p80200/p80200-34.txt;LayeredSearch-3;0.0;89.0;20.0;UserLimit;89.0;300.1800639629364
../instances/S1/p80200/p80200-34.txt;LayeredSearch-4;10.0;29.0;20.0;UserLimit;89.0;300.10950994491577
../instances/S1/p80200/p80200-35.txt;solveCPCP_D;8.0;10.0;10.0;UserLimit;64.0;300.0354151725769
../instances/S1/p80200/p80200-35.txt;SequentialSearch;7.0;64.0;7.0;UserLimit;64.0;300.00531220436096
../instances/S1/p80200/p80200-35.txt;BinarySearch;0.0;16.0;8.0;UserLimit;64.0;300.01750111579895
../instances/S1/p80200/p80200-35.txt;LayeredSearch-2;0.0;64.0;8.0;UserLimit;64.0;300.00519585609436
../instances/S1/p80200/p80200-35.txt;LayeredSearch-3;4.0;16.0;8.0;UserLimit;64.0;300.0045428276062
../instances/S1/p80200/p80200-35.txt;LayeredSearch-4;0.0;23.0;8.0;UserLimit;64.0;300.01287293434143
../instances/S1/p80200/p80200-36.txt;solveCPCP_D;8.000000000000004;9.0;9.0;UserLimit;56.0;300.0341799259186
../instances/S1/p80200/p80200-36.txt;SequentialSearch;9.0;9.0;9.0;Optimal;55.0;255.8093180656433
../instances/S1/p80200/p80200-36.txt;BinarySearch;0.0;28.0;14.0;UserLimit;56.0;300.0105400085449
../instances/S1/p80200/p80200-36.txt;LayeredSearch-2;8.0;56.0;16.0;UserLimit;56.0;300.02324295043945
../instances/S1/p80200/p80200-36.txt;LayeredSearch-3;0.0;56.0;15.0;UserLimit;56.0;300.009507894516
../instances/S1/p80200/p80200-36.txt;LayeredSearch-4;0.0;56.0;21.0;UserLimit;56.0;300.01443099975586
../instances/S1/p80200/p80200-37.txt;solveCPCP_D;8.0;8.0;8.0;Optimal;58.0;30.10972499847412
../instances/S1/p80200/p80200-37.txt;SequentialSearch;8.0;8.0;8.0;Optimal;63.0;40.63159799575806
../instances/S1/p80200/p80200-37.txt;BinarySearch;0.0;31.0;15.0;UserLimit;63.0;300.19258213043213
../instances/S1/p80200/p80200-37.txt;LayeredSearch-2;8.0;8.0;8.0;Optimal;63.0;34.56735420227051
../instances/S1/p80200/p80200-37.txt;LayeredSearch-3;0.0;62.0;16.0;UserLimit;62.0;300.0093410015106
../instances/S1/p80200/p80200-37.txt;LayeredSearch-4;8.0;8.0;8.0;Optimal;63.0;40.24328398704529
../instances/S1/p80200/p80200-38.txt;solveCPCP_D;8.000000000000002;11.0;11.0;UserLimit;66.0;300.03485894203186
../instances/S1/p80200/p80200-38.txt;SequentialSearch;8.0;8.0;8.0;Optimal;72.0;109.66841292381287
../instances/S1/p80200/p80200-38.txt;BinarySearch;8.0;8.0;8.0;Optimal;70.0;133.76185703277588
../instances/S1/p80200/p80200-38.txt;LayeredSearch-2;0.0;72.0;9.0;UserLimit;72.0;300.00607991218567
../instances/S1/p80200/p80200-38.txt;LayeredSearch-3;0.0;72.0;18.0;UserLimit;72.0;300.0140838623047
../instances/S1/p80200/p80200-38.txt;LayeredSearch-4;0.0;25.0;9.0;UserLimit;72.0;300.0164029598236
../instances/S1/p80200/p80200-39.txt;solveCPCP_D;8.0;8.0;8.0;Optimal;73.0;51.54399609565735
../instances/S1/p80200/p80200-39.txt;SequentialSearch;7.0;73.0;7.0;UserLimit;73.0;300.19153904914856
../instances/S1/p80200/p80200-39.txt;BinarySearch;0.0;32.0;16.0;UserLimit;64.0;300.020357131958
../instances/S1/p80200/p80200-39.txt;LayeredSearch-2;7.0;9.0;8.0;UserLimit;73.0;300.006098985672
../instances/S1/p80200/p80200-39.txt;LayeredSearch-3;0.0;73.0;18.0;UserLimit;73.0;300.011892080307
../instances/S1/p80200/p80200-39.txt;LayeredSearch-4;7.0;9.0;8.0;UserLimit;73.0;300.0057671070099
../instances/S1/p80200/p80200-40.txt;solveCPCP_D;8.000000000000002;10.0;10.0;UserLimit;57.0;300.0357880592346
../instances/S1/p80200/p80200-40.txt;SequentialSearch;7.0;57.0;7.0;UserLimit;57.0;300.0169699192047
../instances/S1/p80200/p80200-40.txt;BinarySearch;0.0;27.0;13.0;UserLimit;55.0;300.0079848766327
../instances/S1/p80200/p80200-40.txt;LayeredSearch-2;0.0;57.0;8.0;UserLimit;57.0;300.00502610206604
../instances/S1/p80200/p80200-40.txt;LayeredSearch-3;0.0;57.0;15.0;UserLimit;57.0;300.0096151828766
../instances/S1/p80200/p80200-40.txt;LayeredSearch-4;0.0;21.0;8.0;UserLimit;56.0;300.0037648677826
